-- --------------------------------------------------------
-- Host:                         127.0.0.1
-- Versión del servidor:         8.0.30 - MySQL Community Server - GPL
-- SO del servidor:              Win64
-- HeidiSQL Versión:             12.6.0.6765
-- --------------------------------------------------------

/*!40101 SET @OLD_CHARACTER_SET_CLIENT=@@CHARACTER_SET_CLIENT */;
/*!40101 SET NAMES utf8 */;
/*!50503 SET NAMES utf8mb4 */;
/*!40103 SET @OLD_TIME_ZONE=@@TIME_ZONE */;
/*!40103 SET TIME_ZONE='+00:00' */;
/*!40014 SET @OLD_FOREIGN_KEY_CHECKS=@@FOREIGN_KEY_CHECKS, FOREIGN_KEY_CHECKS=0 */;
/*!40101 SET @OLD_SQL_MODE=@@SQL_MODE, SQL_MODE='NO_AUTO_VALUE_ON_ZERO' */;
/*!40111 SET @OLD_SQL_NOTES=@@SQL_NOTES, SQL_NOTES=0 */;


-- Volcando estructura de base de datos para byv_turnos
CREATE DATABASE IF NOT EXISTS `byv_turnos` /*!40100 DEFAULT CHARACTER SET utf8mb4 COLLATE utf8mb4_unicode_ci */ /*!80016 DEFAULT ENCRYPTION='N' */;
USE `byv_turnos`;

-- Volcando estructura para tabla byv_turnos.agendas
CREATE TABLE IF NOT EXISTS `agendas` (
  `id` int NOT NULL AUTO_INCREMENT,
  `profesional_id` int NOT NULL,
  `dia_semana` tinyint NOT NULL COMMENT '1=Lunes, 7=Domingo',
  `hora_inicio` time NOT NULL,
  `hora_fin` time NOT NULL,
  `duracion_minutos` int DEFAULT '30',
  `activo` tinyint DEFAULT '1',
  `created_at` timestamp NULL DEFAULT CURRENT_TIMESTAMP,
  PRIMARY KEY (`id`),
  KEY `profesional_id` (`profesional_id`),
  CONSTRAINT `agendas_ibfk_1` FOREIGN KEY (`profesional_id`) REFERENCES `profesionales` (`id`) ON DELETE CASCADE
) ENGINE=InnoDB AUTO_INCREMENT=11 DEFAULT CHARSET=utf8mb4 COLLATE=utf8mb4_unicode_ci;

-- Volcando datos para la tabla byv_turnos.agendas: ~10 rows (aproximadamente)
DELETE FROM `agendas`;
INSERT INTO `agendas` (`id`, `profesional_id`, `dia_semana`, `hora_inicio`, `hora_fin`, `duracion_minutos`, `activo`, `created_at`) VALUES
	(1, 1, 1, '08:00:00', '12:00:00', 30, 1, '2026-04-28 01:42:45'),
	(2, 1, 3, '08:00:00', '12:00:00', 30, 1, '2026-04-28 01:42:45'),
	(3, 1, 5, '08:00:00', '12:00:00', 30, 1, '2026-04-28 01:42:45'),
	(4, 2, 1, '14:00:00', '18:00:00', 30, 1, '2026-04-28 01:42:45'),
	(5, 2, 2, '14:00:00', '18:00:00', 30, 1, '2026-04-28 01:42:45'),
	(6, 2, 3, '14:00:00', '18:00:00', 30, 1, '2026-04-28 01:42:45'),
	(7, 2, 4, '14:00:00', '18:00:00', 30, 1, '2026-04-28 01:42:45'),
	(8, 2, 5, '14:00:00', '18:00:00', 30, 1, '2026-04-28 01:42:45'),
	(9, 3, 2, '09:00:00', '13:00:00', 45, 1, '2026-04-28 01:42:45'),
	(10, 3, 4, '09:00:00', '13:00:00', 45, 1, '2026-04-28 01:42:45');

-- Volcando estructura para tabla byv_turnos.configuracion
CREATE TABLE IF NOT EXISTS `configuracion` (
  `id` int NOT NULL DEFAULT '1',
  `sede_base_id` int DEFAULT NULL,
  `logo_url` varchar(255) COLLATE utf8mb4_unicode_ci DEFAULT NULL,
  `nombre_comercial` varchar(100) COLLATE utf8mb4_unicode_ci DEFAULT NULL,
  `permite_turnos_online` tinyint DEFAULT '0',
  PRIMARY KEY (`id`),
  KEY `sede_base_id` (`sede_base_id`),
  CONSTRAINT `configuracion_ibfk_1` FOREIGN KEY (`sede_base_id`) REFERENCES `sedes` (`id`) ON DELETE SET NULL
) ENGINE=InnoDB DEFAULT CHARSET=utf8mb4 COLLATE=utf8mb4_unicode_ci;

-- Volcando datos para la tabla byv_turnos.configuracion: ~0 rows (aproximadamente)
DELETE FROM `configuracion`;
INSERT INTO `configuracion` (`id`, `sede_base_id`, `logo_url`, `nombre_comercial`, `permite_turnos_online`) VALUES
	(1, 1, NULL, 'Círculo Médico Matanza', 0);

-- Volcando estructura para tabla byv_turnos.consultas
CREATE TABLE IF NOT EXISTS `consultas` (
  `id` int NOT NULL AUTO_INCREMENT,
  `turno_id` int NOT NULL,
  `paciente_id` int NOT NULL,
  `profesional_id` int NOT NULL,
  `diagnostico` text COLLATE utf8mb4_unicode_ci,
  `notas` text COLLATE utf8mb4_unicode_ci,
  `created_at` timestamp NULL DEFAULT CURRENT_TIMESTAMP,
  `updated_at` timestamp NULL DEFAULT CURRENT_TIMESTAMP ON UPDATE CURRENT_TIMESTAMP,
  PRIMARY KEY (`id`),
  UNIQUE KEY `turno_id` (`turno_id`),
  KEY `idx_paciente_id` (`paciente_id`),
  KEY `idx_profesional_id` (`profesional_id`),
  KEY `idx_turno_id` (`turno_id`),
  CONSTRAINT `consultas_ibfk_1` FOREIGN KEY (`turno_id`) REFERENCES `turnos` (`id`) ON DELETE CASCADE,
  CONSTRAINT `consultas_ibfk_2` FOREIGN KEY (`paciente_id`) REFERENCES `pacientes` (`id`),
  CONSTRAINT `consultas_ibfk_3` FOREIGN KEY (`profesional_id`) REFERENCES `profesionales` (`id`)
) ENGINE=InnoDB AUTO_INCREMENT=8 DEFAULT CHARSET=utf8mb4 COLLATE=utf8mb4_unicode_ci COMMENT='Consultas médicas realizadas por profesionales';

-- Volcando datos para la tabla byv_turnos.consultas: ~5 rows (aproximadamente)
DELETE FROM `consultas`;
INSERT INTO `consultas` (`id`, `turno_id`, `paciente_id`, `profesional_id`, `diagnostico`, `notas`, `created_at`, `updated_at`) VALUES
	(1, 11, 1, 1, 'una mala niñera!', 'una mala niñera!', '2026-04-17 03:28:30', '2026-04-17 03:28:30'),
	(2, 1, 1, 1, 'no sabemos', 'viene medio roto', '2026-03-24 03:44:05', '2026-03-24 03:44:05'),
	(3, 17, 2, 2, '', '', '2026-04-21 01:29:11', '2026-04-21 01:29:11'),
	(4, 27, 1, 2, 'dignostico tal', 'nota tal y cual', '2026-04-22 14:28:26', '2026-04-22 14:28:26'),
	(5, 32, 11, 3, 'a´lfo', 'algkghn', '2026-04-23 02:33:11', '2026-04-23 02:33:11'),
	(7, 40, 4, 2, 'test', 'test test', '2026-05-06 00:34:37', '2026-05-06 00:34:37');

-- Volcando estructura para tabla byv_turnos.consultorios
CREATE TABLE IF NOT EXISTS `consultorios` (
  `id` int NOT NULL AUTO_INCREMENT,
  `sede_id` int DEFAULT NULL,
  `nombre` varchar(100) COLLATE utf8mb4_unicode_ci NOT NULL,
  `direccion` varchar(255) COLLATE utf8mb4_unicode_ci DEFAULT NULL,
  `telefono` varchar(20) COLLATE utf8mb4_unicode_ci DEFAULT NULL,
  PRIMARY KEY (`id`),
  KEY `consultorios_ibfk_1` (`sede_id`),
  CONSTRAINT `consultorios_ibfk_1` FOREIGN KEY (`sede_id`) REFERENCES `sedes` (`id`) ON DELETE SET NULL
) ENGINE=InnoDB AUTO_INCREMENT=4 DEFAULT CHARSET=utf8mb4 COLLATE=utf8mb4_unicode_ci;

-- Volcando datos para la tabla byv_turnos.consultorios: ~3 rows (aproximadamente)
DELETE FROM `consultorios`;
INSERT INTO `consultorios` (`id`, `sede_id`, `nombre`, `direccion`, `telefono`) VALUES
	(1, NULL, 'Consultorio 1 - Planta Baja', NULL, NULL),
	(2, NULL, 'Consultorio 2 - Planta Baja', NULL, NULL),
	(3, NULL, 'Consultorio 3 - 1er Piso', NULL, NULL);

-- Volcando estructura para tabla byv_turnos.especialidades
CREATE TABLE IF NOT EXISTS `especialidades` (
  `id` int NOT NULL AUTO_INCREMENT,
  `nombre` varchar(100) COLLATE utf8mb4_unicode_ci NOT NULL,
  PRIMARY KEY (`id`)
) ENGINE=InnoDB AUTO_INCREMENT=5 DEFAULT CHARSET=utf8mb4 COLLATE=utf8mb4_unicode_ci;

-- Volcando datos para la tabla byv_turnos.especialidades: ~4 rows (aproximadamente)
DELETE FROM `especialidades`;
INSERT INTO `especialidades` (`id`, `nombre`) VALUES
	(1, 'Cardiología'),
	(2, 'Clínica'),
	(3, 'Pediatría'),
	(4, 'Dermatología');

-- Volcando estructura para tabla byv_turnos.estados_turno
CREATE TABLE IF NOT EXISTS `estados_turno` (
  `id` int NOT NULL AUTO_INCREMENT,
  `nombre` varchar(50) COLLATE utf8mb4_unicode_ci NOT NULL,
  `color` varchar(7) COLLATE utf8mb4_unicode_ci DEFAULT '#17a2b8',
  PRIMARY KEY (`id`)
) ENGINE=InnoDB AUTO_INCREMENT=5 DEFAULT CHARSET=utf8mb4 COLLATE=utf8mb4_unicode_ci;

-- Volcando datos para la tabla byv_turnos.estados_turno: ~4 rows (aproximadamente)
DELETE FROM `estados_turno`;
INSERT INTO `estados_turno` (`id`, `nombre`, `color`) VALUES
	(1, 'Programado', '#17a2b8'),
	(2, 'Concurrido', '#28a745'),
	(3, 'No Concurrido', '#6c757d'),
	(4, 'Cancelado', '#dc3545');

-- Volcando estructura para tabla byv_turnos.operadores
CREATE TABLE IF NOT EXISTS `operadores` (
  `id` int NOT NULL AUTO_INCREMENT,
  `email` varchar(100) COLLATE utf8mb4_unicode_ci NOT NULL,
  `password_hash` varchar(255) COLLATE utf8mb4_unicode_ci NOT NULL,
  `role_id` int DEFAULT NULL,
  PRIMARY KEY (`id`),
  UNIQUE KEY `email` (`email`),
  KEY `role_id` (`role_id`),
  CONSTRAINT `operadores_ibfk_2` FOREIGN KEY (`role_id`) REFERENCES `roles` (`id`) ON DELETE SET NULL
) ENGINE=InnoDB AUTO_INCREMENT=8 DEFAULT CHARSET=utf8mb4 COLLATE=utf8mb4_unicode_ci;

-- Volcando datos para la tabla byv_turnos.operadores: ~3 rows (aproximadamente)
DELETE FROM `operadores`;
INSERT INTO `operadores` (`id`, `email`, `password_hash`, `role_id`) VALUES
	(1, 'admin@demo.com', '$2y$10$92IXUNpkjO0rOQ5byMi.Ye4oKoEa3Ro9llC/.og/at2.uheWG/igi', 1),
	(4, 'daniela@demo.com', '$2y$10$zS1/nkswCAS6U7LghABsneeaLjHo4ff993rRKUDO0ENzM.Gd1XzUS', 3),
	(5, 'gomez@demo.com', '$2y$10$m.CT858yCiaVLQ6yAdWUaem4ERTIgrqtm3fkwFUtg.Rz9PSILQEAa', 3),
	(6, 'marialopez@demo.com', '$2y$10$C46E1K1IuhQZLILClP7Z4Osw3UQr1e7RHVOczUBBpP5D6W0WWmol2', 3),
	(7, 'operador@demo.com', '$2y$10$4VBzg277M79NTHMYzNsQAu2Zjx3c9bFmy2gkr5Xz1knCAnYlhFlne', 2);

-- Volcando estructura para tabla byv_turnos.operador_consultorios
CREATE TABLE IF NOT EXISTS `operador_consultorios` (
  `operador_id` int NOT NULL,
  `consultorio_id` int NOT NULL,
  PRIMARY KEY (`operador_id`,`consultorio_id`),
  KEY `consultorio_id` (`consultorio_id`),
  CONSTRAINT `operador_consultorios_ibfk_1` FOREIGN KEY (`operador_id`) REFERENCES `operadores` (`id`) ON DELETE CASCADE,
  CONSTRAINT `operador_consultorios_ibfk_2` FOREIGN KEY (`consultorio_id`) REFERENCES `consultorios` (`id`) ON DELETE CASCADE
) ENGINE=InnoDB DEFAULT CHARSET=utf8mb4 COLLATE=utf8mb4_unicode_ci;

-- Volcando datos para la tabla byv_turnos.operador_consultorios: ~0 rows (aproximadamente)
DELETE FROM `operador_consultorios`;

-- Volcando estructura para tabla byv_turnos.pacientes
CREATE TABLE IF NOT EXISTS `pacientes` (
  `id` int NOT NULL AUTO_INCREMENT,
  `dni` varchar(20) COLLATE utf8mb4_unicode_ci NOT NULL,
  `nombre` varchar(100) COLLATE utf8mb4_unicode_ci NOT NULL,
  `apellido` varchar(100) COLLATE utf8mb4_unicode_ci NOT NULL,
  `email` varchar(100) COLLATE utf8mb4_unicode_ci DEFAULT NULL,
  `telefono` varchar(20) COLLATE utf8mb4_unicode_ci DEFAULT NULL,
  `fecha_alta` timestamp NULL DEFAULT CURRENT_TIMESTAMP,
  PRIMARY KEY (`id`),
  UNIQUE KEY `dni` (`dni`)
) ENGINE=InnoDB AUTO_INCREMENT=5 DEFAULT CHARSET=utf8mb4 COLLATE=utf8mb4_unicode_ci;

-- Volcando datos para la tabla byv_turnos.pacientes: ~4 rows (aproximadamente)
DELETE FROM `pacientes`;
INSERT INTO `pacientes` (`id`, `dni`, `nombre`, `apellido`, `email`, `telefono`, `fecha_alta`) VALUES
	(1, '20123456', 'Ana', 'González', 'ana@email.com', '11-1234-5678', '2026-04-28 01:46:10'),
	(2, '25234567', 'Luis', 'Rodríguez', 'luis@email.com', '11-2345-6789', '2026-04-28 01:46:10'),
	(3, '30345678', 'Sofía', 'Martínez', 'sofia@email.com', '11-3456-7890', '2026-04-28 01:46:10'),
	(4, '35456789', 'Pedro', 'Fernández', 'pedro@email.com', '11-4567-8901', '2026-04-28 01:46:10');

-- Volcando estructura para tabla byv_turnos.permissions
CREATE TABLE IF NOT EXISTS `permissions` (
  `id` int NOT NULL AUTO_INCREMENT,
  `slug` varchar(100) COLLATE utf8mb4_unicode_ci NOT NULL,
  `nombre` varchar(100) COLLATE utf8mb4_unicode_ci NOT NULL,
  `descripcion` text COLLATE utf8mb4_unicode_ci,
  `created_at` timestamp NULL DEFAULT CURRENT_TIMESTAMP,
  PRIMARY KEY (`id`),
  UNIQUE KEY `slug` (`slug`)
) ENGINE=InnoDB AUTO_INCREMENT=9 DEFAULT CHARSET=utf8mb4 COLLATE=utf8mb4_unicode_ci;

-- Volcando datos para la tabla byv_turnos.permissions: ~8 rows (aproximadamente)
DELETE FROM `permissions`;
INSERT INTO `permissions` (`id`, `slug`, `nombre`, `descripcion`, `created_at`) VALUES
	(1, 'turnos.view', 'Ver turnos', NULL, '2026-03-18 23:36:02'),
	(2, 'turnos.create', 'Crear turnos', NULL, '2026-03-18 23:36:02'),
	(3, 'turnos.edit', 'Editar turnos', NULL, '2026-03-18 23:36:02'),
	(4, 'turnos.delete', 'Eliminar turnos', NULL, '2026-03-18 23:36:02'),
	(5, 'pacientes.view', 'Ver pacientes', NULL, '2026-03-18 23:36:02'),
	(6, 'pacientes.create', 'Crear pacientes', NULL, '2026-03-18 23:36:02'),
	(7, 'pacientes.edit', 'Editar pacientes', NULL, '2026-03-18 23:36:02'),
	(8, 'operadores.manage', 'Gestionar operadores', NULL, '2026-03-18 23:36:02');

-- Volcando estructura para tabla byv_turnos.profesionales
CREATE TABLE IF NOT EXISTS `profesionales` (
  `id` int NOT NULL AUTO_INCREMENT,
  `user_id` int DEFAULT NULL,
  `nombre` varchar(100) COLLATE utf8mb4_unicode_ci NOT NULL,
  `consultorio_default_id` int DEFAULT NULL,
  `duracion_default` int DEFAULT '30',
  `meses_abiertos` int DEFAULT '3' COMMENT 'Meses hacia adelante con agenda abierta para turnos',
  PRIMARY KEY (`id`),
  KEY `profesionales_ibfk_3` (`consultorio_default_id`),
  KEY `idx_profesionales_user_id` (`user_id`),
  CONSTRAINT `profesionales_ibfk_3` FOREIGN KEY (`consultorio_default_id`) REFERENCES `consultorios` (`id`) ON DELETE SET NULL
) ENGINE=InnoDB AUTO_INCREMENT=5 DEFAULT CHARSET=utf8mb4 COLLATE=utf8mb4_unicode_ci;

-- Volcando datos para la tabla byv_turnos.profesionales: ~4 rows (aproximadamente)
DELETE FROM `profesionales`;
INSERT INTO `profesionales` (`id`, `user_id`, `nombre`, `consultorio_default_id`, `duracion_default`, `meses_abiertos`) VALUES
	(1, NULL, 'Dr. Pérez, Juan', 1, 30, 3),
	(2, 6, 'Dra. López, María', 2, 30, 3),
	(3, 5, 'Dr. Gómez, Carlos', 3, 45, 3),
	(4, 4, 'Lic Daniela Manzoti', 3, 15, 3);

-- Volcando estructura para tabla byv_turnos.profesional_especialidad
CREATE TABLE IF NOT EXISTS `profesional_especialidad` (
  `profesional_id` int NOT NULL,
  `especialidad_id` int NOT NULL,
  PRIMARY KEY (`profesional_id`,`especialidad_id`),
  KEY `especialidad_id` (`especialidad_id`),
  CONSTRAINT `profesional_especialidad_ibfk_1` FOREIGN KEY (`profesional_id`) REFERENCES `profesionales` (`id`) ON DELETE CASCADE,
  CONSTRAINT `profesional_especialidad_ibfk_2` FOREIGN KEY (`especialidad_id`) REFERENCES `especialidades` (`id`) ON DELETE CASCADE
) ENGINE=InnoDB DEFAULT CHARSET=utf8mb4 COLLATE=utf8mb4_unicode_ci;

-- Volcando datos para la tabla byv_turnos.profesional_especialidad: ~6 rows (aproximadamente)
DELETE FROM `profesional_especialidad`;
INSERT INTO `profesional_especialidad` (`profesional_id`, `especialidad_id`) VALUES
	(1, 1),
	(1, 2),
	(2, 2),
	(3, 3),
	(2, 4),
	(4, 4);

-- Volcando estructura para tabla byv_turnos.roles
CREATE TABLE IF NOT EXISTS `roles` (
  `id` int NOT NULL AUTO_INCREMENT,
  `slug` varchar(50) COLLATE utf8mb4_unicode_ci NOT NULL,
  `nombre` varchar(100) COLLATE utf8mb4_unicode_ci NOT NULL,
  `descripcion` text COLLATE utf8mb4_unicode_ci,
  `created_at` timestamp NULL DEFAULT CURRENT_TIMESTAMP,
  PRIMARY KEY (`id`),
  UNIQUE KEY `slug` (`slug`)
) ENGINE=InnoDB AUTO_INCREMENT=4 DEFAULT CHARSET=utf8mb4 COLLATE=utf8mb4_unicode_ci;

-- Volcando datos para la tabla byv_turnos.roles: ~2 rows (aproximadamente)
DELETE FROM `roles`;
INSERT INTO `roles` (`id`, `slug`, `nombre`, `descripcion`, `created_at`) VALUES
	(1, 'admin', 'Administrador', 'Acceso total al sistema', '2026-03-18 23:36:02'),
	(2, 'recepcion', 'Recepcionista', 'Gestión básica de turnos y pacientes', '2026-03-18 23:36:02'),
	(3, 'medico', 'Médico', 'Solo ve sus propios turnos y agenda', '2026-04-14 00:42:22');

-- Volcando estructura para tabla byv_turnos.role_permissions
CREATE TABLE IF NOT EXISTS `role_permissions` (
  `role_id` int NOT NULL,
  `permission_id` int NOT NULL,
  PRIMARY KEY (`role_id`,`permission_id`),
  KEY `permission_id` (`permission_id`),
  CONSTRAINT `role_permissions_ibfk_1` FOREIGN KEY (`role_id`) REFERENCES `roles` (`id`) ON DELETE CASCADE,
  CONSTRAINT `role_permissions_ibfk_2` FOREIGN KEY (`permission_id`) REFERENCES `permissions` (`id`) ON DELETE CASCADE
) ENGINE=InnoDB DEFAULT CHARSET=utf8mb4 COLLATE=utf8mb4_unicode_ci;

-- Volcando datos para la tabla byv_turnos.role_permissions: ~14 rows (aproximadamente)
DELETE FROM `role_permissions`;
INSERT INTO `role_permissions` (`role_id`, `permission_id`) VALUES
	(1, 1),
	(2, 1),
	(3, 1),
	(1, 2),
	(2, 2),
	(1, 3),
	(2, 3),
	(1, 4),
	(1, 5),
	(2, 5),
	(3, 5),
	(1, 6),
	(2, 6),
	(1, 7),
	(2, 7),
	(1, 8);

-- Volcando estructura para tabla byv_turnos.sedes
CREATE TABLE IF NOT EXISTS `sedes` (
  `id` int NOT NULL AUTO_INCREMENT,
  `nombre` varchar(100) COLLATE utf8mb4_unicode_ci NOT NULL,
  `direccion` varchar(255) COLLATE utf8mb4_unicode_ci DEFAULT NULL,
  `telefono` varchar(20) COLLATE utf8mb4_unicode_ci DEFAULT NULL,
  PRIMARY KEY (`id`)
) ENGINE=InnoDB AUTO_INCREMENT=2 DEFAULT CHARSET=utf8mb4 COLLATE=utf8mb4_unicode_ci;

-- Volcando datos para la tabla byv_turnos.sedes: ~0 rows (aproximadamente)
DELETE FROM `sedes`;
INSERT INTO `sedes` (`id`, `nombre`, `direccion`, `telefono`) VALUES
	(1, 'Sede Central', 'Av. Siempre Viva 123', NULL);

-- Volcando estructura para tabla byv_turnos.turnos
CREATE TABLE IF NOT EXISTS `turnos` (
  `id` int NOT NULL AUTO_INCREMENT,
  `paciente_id` int NOT NULL,
  `profesional_id` int NOT NULL,
  `consultorio_id` int DEFAULT NULL,
  `fecha_hora` datetime NOT NULL,
  `estado_id` int DEFAULT '1',
  `sobreturno` tinyint(1) NOT NULL DEFAULT '0',
  `fecha_creacion` timestamp NULL DEFAULT CURRENT_TIMESTAMP,
  `observaciones` text COLLATE utf8mb4_unicode_ci,
  `duracion_minutos` int DEFAULT '30',
  PRIMARY KEY (`id`),
  KEY `paciente_id` (`paciente_id`),
  KEY `profesional_id` (`profesional_id`),
  KEY `estado_id` (`estado_id`),
  KEY `turnos_ibfk_4` (`consultorio_id`),
  KEY `idx_turnos_sobreturno` (`sobreturno`),
  CONSTRAINT `turnos_ibfk_1` FOREIGN KEY (`paciente_id`) REFERENCES `pacientes` (`id`) ON DELETE CASCADE,
  CONSTRAINT `turnos_ibfk_2` FOREIGN KEY (`profesional_id`) REFERENCES `profesionales` (`id`) ON DELETE CASCADE,
  CONSTRAINT `turnos_ibfk_3` FOREIGN KEY (`estado_id`) REFERENCES `estados_turno` (`id`),
  CONSTRAINT `turnos_ibfk_4` FOREIGN KEY (`consultorio_id`) REFERENCES `consultorios` (`id`) ON DELETE SET NULL
) ENGINE=InnoDB AUTO_INCREMENT=669 DEFAULT CHARSET=utf8mb4 COLLATE=utf8mb4_unicode_ci;

-- Volcando datos para la tabla byv_turnos.turnos: ~271 rows (aproximadamente)
DELETE FROM `turnos`;
INSERT INTO `turnos` (`id`, `paciente_id`, `profesional_id`, `consultorio_id`, `fecha_hora`, `estado_id`, `sobreturno`, `fecha_creacion`, `observaciones`, `duracion_minutos`) VALUES
	(1, 1, 1, 1, '2026-04-27 08:00:00', 1, 0, '2026-04-28 01:46:18', 'Primera consulta', 30),
	(2, 2, 1, 1, '2026-04-27 08:30:00', 1, 0, '2026-04-28 01:46:18', NULL, 30),
	(3, 3, 2, 2, '2026-04-27 14:00:00', 1, 0, '2026-04-28 01:46:18', 'Control', 30),
	(4, 4, 3, 3, '2026-04-28 09:00:00', 1, 0, '2026-04-28 01:46:18', NULL, 45),
	(5, 1, 2, 2, '2026-04-20 14:00:00', 2, 0, '2026-04-28 01:46:18', 'Se realizó sin problemas', 30),
	(6, 2, 1, 1, '2026-04-21 08:00:00', 2, 0, '2026-04-28 01:46:18', NULL, 30),
	(7, 3, 1, 1, '2026-04-22 09:00:00', 3, 0, '2026-04-28 01:46:18', 'No asistió, no avisó', 30),
	(8, 4, 2, 2, '2026-04-23 15:00:00', 4, 0, '2026-04-28 01:46:18', 'Canceló con 24hs de anticipación', 30),
	(9, 1, 1, 1, '2026-04-27 12:30:00', 1, 1, '2026-04-28 01:46:18', 'Fuera de agenda - Urgencia', 30),
	(10, 1, 1, 1, '2026-05-07 08:00:00', 4, 0, '2026-05-05 02:28:19', 'Control cardiología', 30),
	(11, 2, 1, 1, '2026-05-07 08:30:00', 1, 0, '2026-05-05 02:28:19', NULL, 30),
	(12, 3, 1, 1, '2026-05-07 09:30:00', 1, 0, '2026-05-05 02:28:19', 'Primera vez', 30),
	(13, 4, 1, 1, '2026-05-09 10:00:00', 1, 0, '2026-05-05 02:28:19', NULL, 30),
	(14, 1, 1, 1, '2026-05-09 11:00:00', 1, 0, '2026-05-05 02:28:19', 'Seguimiento', 30),
	(15, 2, 1, 1, '2026-05-12 08:00:00', 1, 0, '2026-05-05 02:28:19', NULL, 30),
	(16, 3, 1, 1, '2026-05-12 09:00:00', 1, 0, '2026-05-05 02:28:19', 'Control', 30),
	(17, 4, 1, 1, '2026-05-14 08:30:00', 1, 0, '2026-05-05 02:28:19', NULL, 30),
	(18, 1, 2, 2, '2026-05-06 14:00:00', 1, 0, '2026-05-05 02:28:19', 'Dermatología', 30),
	(19, 2, 2, 2, '2026-05-06 14:30:00', 1, 0, '2026-05-05 02:28:19', NULL, 30),
	(20, 3, 2, 2, '2026-05-06 15:30:00', 1, 0, '2026-05-05 02:28:19', 'Control piel', 30),
	(21, 4, 2, 2, '2026-05-07 14:00:00', 1, 0, '2026-05-05 02:28:19', NULL, 30),
	(22, 1, 2, 2, '2026-05-07 16:00:00', 1, 0, '2026-05-05 02:28:19', 'Primera consulta', 30),
	(23, 2, 2, 2, '2026-05-08 14:30:00', 1, 0, '2026-05-05 02:28:19', NULL, 30),
	(24, 3, 2, 2, '2026-05-08 15:00:00', 1, 0, '2026-05-05 02:28:19', 'Seguimiento', 30),
	(25, 4, 2, 2, '2026-05-09 14:00:00', 1, 0, '2026-05-05 02:28:19', NULL, 30),
	(26, 1, 2, 2, '2026-05-09 17:00:00', 1, 0, '2026-05-05 02:28:19', 'Urgencia leve', 30),
	(27, 2, 2, 2, '2026-05-12 14:00:00', 1, 0, '2026-05-05 02:28:19', NULL, 30),
	(28, 3, 2, 2, '2026-05-12 15:30:00', 1, 0, '2026-05-05 02:28:19', 'Control', 30),
	(29, 1, 3, 3, '2026-05-06 09:00:00', 1, 0, '2026-05-05 02:28:19', 'Pediatría - Control', 45),
	(30, 2, 3, 3, '2026-05-06 10:30:00', 1, 0, '2026-05-05 02:28:19', NULL, 45),
	(31, 3, 3, 3, '2026-05-06 11:15:00', 1, 0, '2026-05-05 02:28:19', 'Vacunación', 45),
	(32, 4, 3, 3, '2026-05-08 09:00:00', 1, 0, '2026-05-05 02:28:19', NULL, 45),
	(33, 1, 3, 3, '2026-05-08 10:30:00', 1, 0, '2026-05-05 02:28:19', 'Control crecimiento', 45),
	(34, 2, 3, 3, '2026-05-13 09:45:00', 1, 0, '2026-05-05 02:28:19', NULL, 45),
	(35, 3, 3, 3, '2026-05-13 11:15:00', 1, 0, '2026-05-05 02:28:19', 'Primera consulta', 45),
	(36, 4, 1, 1, '2026-05-07 12:30:00', 1, 1, '2026-05-05 02:28:19', 'Sobreturno - Urgencia cardiología', 30),
	(37, 1, 2, 2, '2026-05-06 18:30:00', 1, 1, '2026-05-05 02:28:19', 'Sobreturno - Fuera de horario', 30),
	(38, 2, 3, 3, '2026-05-06 13:30:00', 1, 1, '2026-05-05 02:28:19', 'Sobreturno - Pediatría urgencia', 45),
	(39, 3, 1, 1, '2026-05-05 08:00:00', 2, 0, '2026-05-05 02:28:19', 'Ya atendido', 30),
	(40, 4, 2, 2, '2026-05-05 14:00:00', 2, 0, '2026-05-05 02:28:19', '', 30),
	(41, 1, 3, 3, '2026-05-06 12:00:00', 4, 0, '2026-05-05 02:28:19', 'Canceló el paciente', 45),
	(42, 2, 1, 1, '2026-05-05 09:00:00', 3, 0, '2026-05-05 02:28:19', 'No asistió', 30),
	(43, 4, 1, 1, '2026-05-11 09:30:00', 3, 0, '2026-05-06 01:46:59', '', 30),
	(44, 1, 1, 1, '2026-05-18 08:00:00', 4, 0, '2026-05-19 00:56:14', 'Control cardiología', 30),
	(45, 2, 1, 1, '2026-05-18 08:30:00', 1, 0, '2026-05-19 00:56:14', NULL, 30),
	(46, 3, 1, 1, '2026-05-18 09:00:00', 1, 0, '2026-05-19 00:56:14', 'Primera vez', 30),
	(47, 4, 1, 1, '2026-05-18 09:30:00', 1, 0, '2026-05-19 00:56:14', NULL, 30),
	(48, 1, 1, 1, '2026-05-18 10:00:00', 1, 0, '2026-05-19 00:56:14', 'Seguimiento', 30),
	(49, 2, 1, 1, '2026-05-18 10:30:00', 1, 0, '2026-05-19 00:56:14', NULL, 30),
	(50, 3, 1, 1, '2026-05-18 11:00:00', 1, 0, '2026-05-19 00:56:14', 'Control', 30),
	(51, 4, 1, 1, '2026-05-18 11:30:00', 1, 0, '2026-05-19 00:56:14', NULL, 30),
	(52, 1, 2, 2, '2026-05-18 14:00:00', 1, 0, '2026-05-19 00:56:14', 'Dermatología', 30),
	(53, 2, 2, 2, '2026-05-18 14:30:00', 1, 0, '2026-05-19 00:56:14', NULL, 30),
	(54, 3, 2, 2, '2026-05-18 15:00:00', 1, 0, '2026-05-19 00:56:14', 'Control piel', 30),
	(55, 4, 2, 2, '2026-05-18 15:30:00', 1, 0, '2026-05-19 00:56:14', NULL, 30),
	(56, 1, 2, 2, '2026-05-18 16:00:00', 1, 0, '2026-05-19 00:56:14', 'Primera consulta', 30),
	(57, 2, 2, 2, '2026-05-18 16:30:00', 1, 0, '2026-05-19 00:56:14', NULL, 30),
	(58, 3, 2, 2, '2026-05-18 17:00:00', 1, 0, '2026-05-19 00:56:14', 'Seguimiento', 30),
	(59, 4, 2, 2, '2026-05-18 17:30:00', 1, 0, '2026-05-19 00:56:14', NULL, 30),
	(60, 1, 2, 2, '2026-05-19 14:00:00', 1, 0, '2026-05-19 00:56:14', 'Control', 30),
	(61, 2, 2, 2, '2026-05-19 14:30:00', 1, 0, '2026-05-19 00:56:14', NULL, 30),
	(62, 3, 2, 2, '2026-05-19 15:00:00', 1, 0, '2026-05-19 00:56:14', NULL, 30),
	(63, 4, 2, 2, '2026-05-19 15:30:00', 1, 0, '2026-05-19 00:56:14', 'Urgencia leve', 30),
	(64, 1, 2, 2, '2026-05-19 16:00:00', 1, 0, '2026-05-19 00:56:14', NULL, 30),
	(65, 2, 2, 2, '2026-05-19 16:30:00', 1, 0, '2026-05-19 00:56:14', 'Primera vez', 30),
	(66, 3, 2, 2, '2026-05-19 17:00:00', 1, 0, '2026-05-19 00:56:14', NULL, 30),
	(67, 4, 2, 2, '2026-05-19 17:30:00', 1, 0, '2026-05-19 00:56:14', 'Seguimiento', 30),
	(68, 1, 3, 3, '2026-05-19 09:00:00', 1, 0, '2026-05-19 00:56:14', 'Pediatría - Control', 45),
	(69, 2, 3, 3, '2026-05-19 09:45:00', 1, 0, '2026-05-19 00:56:14', NULL, 45),
	(70, 3, 3, 3, '2026-05-19 10:30:00', 1, 0, '2026-05-19 00:56:14', 'Vacunación', 45),
	(71, 4, 3, 3, '2026-05-19 11:15:00', 1, 0, '2026-05-19 00:56:14', NULL, 45),
	(72, 1, 3, 3, '2026-05-19 12:00:00', 1, 0, '2026-05-19 00:56:14', 'Control crecimiento', 45),
	(73, 1, 1, 1, '2026-05-20 08:00:00', 1, 0, '2026-05-19 00:56:14', NULL, 30),
	(74, 2, 1, 1, '2026-05-20 08:30:00', 1, 0, '2026-05-19 00:56:14', 'Control', 30),
	(75, 3, 1, 1, '2026-05-20 09:00:00', 1, 0, '2026-05-19 00:56:14', NULL, 30),
	(76, 4, 1, 1, '2026-05-20 09:30:00', 1, 0, '2026-05-19 00:56:14', 'Primera consulta', 30),
	(77, 1, 1, 1, '2026-05-20 10:00:00', 1, 0, '2026-05-19 00:56:14', NULL, 30),
	(78, 2, 1, 1, '2026-05-20 10:30:00', 1, 0, '2026-05-19 00:56:14', 'Seguimiento', 30),
	(79, 3, 1, 1, '2026-05-20 11:00:00', 1, 0, '2026-05-19 00:56:14', NULL, 30),
	(80, 4, 1, 1, '2026-05-20 11:30:00', 1, 0, '2026-05-19 00:56:14', 'Control cardiología', 30),
	(81, 1, 2, 2, '2026-05-20 14:00:00', 1, 0, '2026-05-19 00:56:14', NULL, 30),
	(82, 2, 2, 2, '2026-05-20 14:30:00', 1, 0, '2026-05-19 00:56:14', 'Control piel', 30),
	(83, 3, 2, 2, '2026-05-20 15:00:00', 1, 0, '2026-05-19 00:56:14', NULL, 30),
	(84, 4, 2, 2, '2026-05-20 15:30:00', 1, 0, '2026-05-19 00:56:14', 'Primera vez', 30),
	(85, 1, 2, 2, '2026-05-20 16:00:00', 1, 0, '2026-05-19 00:56:14', NULL, 30),
	(86, 2, 2, 2, '2026-05-20 16:30:00', 1, 0, '2026-05-19 00:56:14', 'Seguimiento', 30),
	(87, 3, 2, 2, '2026-05-20 17:00:00', 1, 0, '2026-05-19 00:56:14', NULL, 30),
	(88, 4, 2, 2, '2026-05-20 17:30:00', 1, 0, '2026-05-19 00:56:14', 'Control', 30),
	(89, 1, 2, 2, '2026-05-21 14:00:00', 1, 0, '2026-05-19 00:56:14', 'Dermatología', 30),
	(90, 2, 2, 2, '2026-05-21 14:30:00', 1, 0, '2026-05-19 00:56:14', NULL, 30),
	(91, 3, 2, 2, '2026-05-21 15:00:00', 1, 0, '2026-05-19 00:56:14', NULL, 30),
	(92, 4, 2, 2, '2026-05-21 15:30:00', 1, 0, '2026-05-19 00:56:14', 'Control', 30),
	(93, 1, 2, 2, '2026-05-21 16:00:00', 1, 0, '2026-05-19 00:56:14', NULL, 30),
	(94, 2, 2, 2, '2026-05-21 16:30:00', 1, 0, '2026-05-19 00:56:14', 'Primera consulta', 30),
	(95, 3, 2, 2, '2026-05-21 17:00:00', 1, 0, '2026-05-19 00:56:14', NULL, 30),
	(96, 4, 2, 2, '2026-05-21 17:30:00', 1, 0, '2026-05-19 00:56:14', 'Seguimiento', 30),
	(97, 1, 3, 3, '2026-05-21 09:00:00', 1, 0, '2026-05-19 00:56:14', NULL, 45),
	(98, 2, 3, 3, '2026-05-21 09:45:00', 1, 0, '2026-05-19 00:56:14', 'Control', 45),
	(99, 3, 3, 3, '2026-05-21 10:30:00', 1, 0, '2026-05-19 00:56:14', NULL, 45),
	(100, 4, 3, 3, '2026-05-21 11:15:00', 1, 0, '2026-05-19 00:56:14', 'Vacunación', 45),
	(101, 1, 3, 3, '2026-05-21 12:00:00', 1, 0, '2026-05-19 00:56:14', NULL, 45),
	(102, 1, 1, 1, '2026-05-22 08:00:00', 1, 0, '2026-05-19 00:56:14', 'Control', 30),
	(103, 2, 1, 1, '2026-05-22 08:30:00', 1, 0, '2026-05-19 00:56:14', NULL, 30),
	(104, 3, 1, 1, '2026-05-22 09:00:00', 1, 0, '2026-05-19 00:56:14', 'Primera vez', 30),
	(105, 4, 1, 1, '2026-05-22 09:30:00', 1, 0, '2026-05-19 00:56:14', NULL, 30),
	(106, 1, 1, 1, '2026-05-22 10:00:00', 1, 0, '2026-05-19 00:56:14', 'Seguimiento', 30),
	(107, 2, 1, 1, '2026-05-22 10:30:00', 1, 0, '2026-05-19 00:56:14', NULL, 30),
	(108, 3, 1, 1, '2026-05-22 11:00:00', 1, 0, '2026-05-19 00:56:14', NULL, 30),
	(109, 4, 1, 1, '2026-05-22 11:30:00', 1, 0, '2026-05-19 00:56:14', 'Control cardiología', 30),
	(110, 1, 2, 2, '2026-05-22 14:00:00', 1, 0, '2026-05-19 00:56:14', NULL, 30),
	(111, 2, 2, 2, '2026-05-22 14:30:00', 1, 0, '2026-05-19 00:56:14', 'Control piel', 30),
	(112, 3, 2, 2, '2026-05-22 15:00:00', 1, 0, '2026-05-19 00:56:14', NULL, 30),
	(113, 4, 2, 2, '2026-05-22 15:30:00', 1, 0, '2026-05-19 00:56:14', 'Primera consulta', 30),
	(114, 1, 2, 2, '2026-05-22 16:00:00', 1, 0, '2026-05-19 00:56:14', NULL, 30),
	(115, 2, 2, 2, '2026-05-22 16:30:00', 1, 0, '2026-05-19 00:56:14', 'Seguimiento', 30),
	(116, 3, 2, 2, '2026-05-22 17:00:00', 1, 0, '2026-05-19 00:56:14', NULL, 30),
	(117, 4, 2, 2, '2026-05-22 17:30:00', 1, 0, '2026-05-19 00:56:14', 'Control', 30),
	(118, 1, 1, 1, '2026-05-25 08:00:00', 1, 0, '2026-05-19 00:56:14', NULL, 30),
	(119, 2, 1, 1, '2026-05-25 08:30:00', 1, 0, '2026-05-19 00:56:14', 'Control', 30),
	(120, 3, 1, 1, '2026-05-25 09:00:00', 1, 0, '2026-05-19 00:56:14', NULL, 30),
	(121, 4, 1, 1, '2026-05-25 09:30:00', 1, 0, '2026-05-19 00:56:14', NULL, 30),
	(122, 1, 1, 1, '2026-05-25 10:00:00', 1, 0, '2026-05-19 00:56:14', 'Primera consulta', 30),
	(123, 2, 1, 1, '2026-05-25 10:30:00', 1, 0, '2026-05-19 00:56:14', NULL, 30),
	(124, 3, 1, 1, '2026-05-25 11:00:00', 1, 0, '2026-05-19 00:56:14', 'Seguimiento', 30),
	(125, 4, 1, 1, '2026-05-25 11:30:00', 1, 0, '2026-05-19 00:56:14', NULL, 30),
	(126, 1, 2, 2, '2026-05-25 14:00:00', 1, 0, '2026-05-19 00:56:14', 'Control', 30),
	(127, 2, 2, 2, '2026-05-25 14:30:00', 1, 0, '2026-05-19 00:56:14', NULL, 30),
	(128, 3, 2, 2, '2026-05-25 15:00:00', 1, 0, '2026-05-19 00:56:14', NULL, 30),
	(129, 4, 2, 2, '2026-05-25 15:30:00', 1, 0, '2026-05-19 00:56:14', 'Primera vez', 30),
	(130, 1, 2, 2, '2026-05-25 16:00:00', 1, 0, '2026-05-19 00:56:14', NULL, 30),
	(131, 2, 2, 2, '2026-05-25 16:30:00', 1, 0, '2026-05-19 00:56:14', 'Seguimiento', 30),
	(132, 3, 2, 2, '2026-05-25 17:00:00', 1, 0, '2026-05-19 00:56:14', NULL, 30),
	(133, 4, 2, 2, '2026-05-25 17:30:00', 1, 0, '2026-05-19 00:56:14', 'Control piel', 30),
	(134, 1, 2, 2, '2026-05-26 14:00:00', 1, 0, '2026-05-19 00:56:15', NULL, 30),
	(135, 2, 2, 2, '2026-05-26 14:30:00', 1, 0, '2026-05-19 00:56:15', 'Control', 30),
	(136, 3, 2, 2, '2026-05-26 15:00:00', 1, 0, '2026-05-19 00:56:15', NULL, 30),
	(137, 4, 2, 2, '2026-05-26 15:30:00', 1, 0, '2026-05-19 00:56:15', NULL, 30),
	(138, 1, 2, 2, '2026-05-26 16:00:00', 1, 0, '2026-05-19 00:56:15', 'Primera consulta', 30),
	(139, 2, 2, 2, '2026-05-26 16:30:00', 1, 0, '2026-05-19 00:56:15', NULL, 30),
	(140, 3, 2, 2, '2026-05-26 17:00:00', 1, 0, '2026-05-19 00:56:15', 'Seguimiento', 30),
	(141, 4, 2, 2, '2026-05-26 17:30:00', 1, 0, '2026-05-19 00:56:15', NULL, 30),
	(142, 1, 3, 3, '2026-05-26 09:00:00', 1, 0, '2026-05-19 00:56:15', 'Control', 45),
	(143, 2, 3, 3, '2026-05-26 09:45:00', 1, 0, '2026-05-19 00:56:15', NULL, 45),
	(144, 3, 3, 3, '2026-05-26 10:30:00', 1, 0, '2026-05-19 00:56:15', NULL, 45),
	(145, 4, 3, 3, '2026-05-26 11:15:00', 1, 0, '2026-05-19 00:56:15', 'Control crecimiento', 45),
	(146, 1, 3, 3, '2026-05-26 12:00:00', 1, 0, '2026-05-19 00:56:15', NULL, 45),
	(147, 1, 1, 1, '2026-05-27 08:00:00', 1, 0, '2026-05-19 00:56:15', NULL, 30),
	(148, 2, 1, 1, '2026-05-27 08:30:00', 1, 0, '2026-05-19 00:56:15', NULL, 30),
	(149, 3, 1, 1, '2026-05-27 09:00:00', 1, 0, '2026-05-19 00:56:15', 'Control cardiología', 30),
	(150, 4, 1, 1, '2026-05-27 09:30:00', 1, 0, '2026-05-19 00:56:15', NULL, 30),
	(151, 1, 1, 1, '2026-05-27 10:00:00', 1, 0, '2026-05-19 00:56:15', 'Primera vez', 30),
	(152, 2, 1, 1, '2026-05-27 10:30:00', 1, 0, '2026-05-19 00:56:15', NULL, 30),
	(153, 3, 1, 1, '2026-05-27 11:00:00', 1, 0, '2026-05-19 00:56:15', NULL, 30),
	(154, 4, 1, 1, '2026-05-27 11:30:00', 1, 0, '2026-05-19 00:56:15', 'Seguimiento', 30),
	(155, 1, 2, 2, '2026-05-27 14:00:00', 1, 0, '2026-05-19 00:56:15', NULL, 30),
	(156, 2, 2, 2, '2026-05-27 14:30:00', 1, 0, '2026-05-19 00:56:15', 'Control piel', 30),
	(157, 3, 2, 2, '2026-05-27 15:00:00', 1, 0, '2026-05-19 00:56:15', NULL, 30),
	(158, 4, 2, 2, '2026-05-27 15:30:00', 1, 0, '2026-05-19 00:56:15', NULL, 30),
	(159, 1, 2, 2, '2026-05-27 16:00:00', 1, 0, '2026-05-19 00:56:15', 'Primera consulta', 30),
	(160, 2, 2, 2, '2026-05-27 16:30:00', 1, 0, '2026-05-19 00:56:15', NULL, 30),
	(161, 3, 2, 2, '2026-05-27 17:00:00', 1, 0, '2026-05-19 00:56:15', 'Seguimiento', 30),
	(162, 4, 2, 2, '2026-05-27 17:30:00', 1, 0, '2026-05-19 00:56:15', NULL, 30),
	(163, 1, 2, 2, '2026-05-28 14:00:00', 1, 0, '2026-05-19 00:56:15', 'Control', 30),
	(164, 2, 2, 2, '2026-05-28 14:30:00', 1, 0, '2026-05-19 00:56:15', NULL, 30),
	(165, 3, 2, 2, '2026-05-28 15:00:00', 1, 0, '2026-05-19 00:56:15', NULL, 30),
	(166, 4, 2, 2, '2026-05-28 15:30:00', 1, 0, '2026-05-19 00:56:15', 'Primera vez', 30),
	(167, 1, 2, 2, '2026-05-28 16:00:00', 1, 0, '2026-05-19 00:56:15', NULL, 30),
	(168, 2, 2, 2, '2026-05-28 16:30:00', 1, 0, '2026-05-19 00:56:15', 'Seguimiento', 30),
	(169, 3, 2, 2, '2026-05-28 17:00:00', 1, 0, '2026-05-19 00:56:15', NULL, 30),
	(170, 4, 2, 2, '2026-05-28 17:30:00', 1, 0, '2026-05-19 00:56:15', 'Control piel', 30),
	(171, 1, 3, 3, '2026-05-28 09:00:00', 1, 0, '2026-05-19 00:56:15', NULL, 45),
	(172, 2, 3, 3, '2026-05-28 09:45:00', 1, 0, '2026-05-19 00:56:15', 'Vacunación', 45),
	(173, 3, 3, 3, '2026-05-28 10:30:00', 1, 0, '2026-05-19 00:56:15', NULL, 45),
	(174, 4, 3, 3, '2026-05-28 11:15:00', 1, 0, '2026-05-19 00:56:15', NULL, 45),
	(175, 1, 3, 3, '2026-05-28 12:00:00', 1, 0, '2026-05-19 00:56:15', 'Control', 45),
	(176, 1, 1, 1, '2026-05-29 08:00:00', 1, 0, '2026-05-19 00:56:15', 'Control', 30),
	(177, 2, 1, 1, '2026-05-29 08:30:00', 1, 0, '2026-05-19 00:56:15', NULL, 30),
	(178, 3, 1, 1, '2026-05-29 09:00:00', 1, 0, '2026-05-19 00:56:15', NULL, 30),
	(179, 4, 1, 1, '2026-05-29 09:30:00', 1, 0, '2026-05-19 00:56:15', 'Primera consulta', 30),
	(180, 1, 1, 1, '2026-05-29 10:00:00', 1, 0, '2026-05-19 00:56:15', NULL, 30),
	(181, 2, 1, 1, '2026-05-29 10:30:00', 1, 0, '2026-05-19 00:56:15', 'Seguimiento', 30),
	(182, 3, 1, 1, '2026-05-29 11:00:00', 1, 0, '2026-05-19 00:56:15', NULL, 30),
	(183, 4, 1, 1, '2026-05-29 11:30:00', 1, 0, '2026-05-19 00:56:15', NULL, 30),
	(184, 1, 2, 2, '2026-05-29 14:00:00', 1, 0, '2026-05-19 00:56:15', NULL, 30),
	(185, 2, 2, 2, '2026-05-29 14:30:00', 1, 0, '2026-05-19 00:56:15', 'Control', 30),
	(186, 3, 2, 2, '2026-05-29 15:00:00', 1, 0, '2026-05-19 00:56:15', NULL, 30),
	(187, 4, 2, 2, '2026-05-29 15:30:00', 1, 0, '2026-05-19 00:56:15', NULL, 30),
	(188, 1, 2, 2, '2026-05-29 16:00:00', 1, 0, '2026-05-19 00:56:15', 'Primera vez', 30),
	(189, 2, 2, 2, '2026-05-29 16:30:00', 1, 0, '2026-05-19 00:56:15', NULL, 30),
	(190, 3, 2, 2, '2026-05-29 17:00:00', 1, 0, '2026-05-19 00:56:15', 'Seguimiento', 30),
	(191, 4, 2, 2, '2026-05-29 17:30:00', 1, 0, '2026-05-19 00:56:15', NULL, 30),
	(192, 1, 1, 1, '2026-06-01 08:00:00', 1, 0, '2026-05-19 00:56:15', NULL, 30),
	(193, 2, 1, 1, '2026-06-01 08:30:00', 1, 0, '2026-05-19 00:56:15', 'Control cardiología', 30),
	(194, 3, 1, 1, '2026-06-01 09:00:00', 1, 0, '2026-05-19 00:56:15', NULL, 30),
	(195, 4, 1, 1, '2026-06-01 09:30:00', 1, 0, '2026-05-19 00:56:15', NULL, 30),
	(196, 1, 1, 1, '2026-06-01 10:00:00', 1, 0, '2026-05-19 00:56:15', 'Primera consulta', 30),
	(197, 2, 1, 1, '2026-06-01 10:30:00', 1, 0, '2026-05-19 00:56:15', NULL, 30),
	(198, 3, 1, 1, '2026-06-01 11:00:00', 1, 0, '2026-05-19 00:56:15', 'Seguimiento', 30),
	(199, 4, 1, 1, '2026-06-01 11:30:00', 1, 0, '2026-05-19 00:56:15', NULL, 30),
	(200, 1, 2, 2, '2026-06-01 14:00:00', 1, 0, '2026-05-19 00:56:15', 'Control piel', 30),
	(201, 2, 2, 2, '2026-06-01 14:30:00', 1, 0, '2026-05-19 00:56:15', NULL, 30),
	(202, 3, 2, 2, '2026-06-01 15:00:00', 1, 0, '2026-05-19 00:56:15', NULL, 30),
	(203, 4, 2, 2, '2026-06-01 15:30:00', 1, 0, '2026-05-19 00:56:15', 'Primera vez', 30),
	(204, 1, 2, 2, '2026-06-01 16:00:00', 1, 0, '2026-05-19 00:56:15', NULL, 30),
	(205, 2, 2, 2, '2026-06-01 16:30:00', 1, 0, '2026-05-19 00:56:15', 'Seguimiento', 30),
	(206, 3, 2, 2, '2026-06-01 17:00:00', 1, 0, '2026-05-19 00:56:15', NULL, 30),
	(207, 4, 2, 2, '2026-06-01 17:30:00', 1, 0, '2026-05-19 00:56:15', 'Control', 30),
	(208, 1, 2, 2, '2026-06-02 14:00:00', 1, 0, '2026-05-19 00:56:15', NULL, 30),
	(209, 2, 2, 2, '2026-06-02 14:30:00', 1, 0, '2026-05-19 00:56:15', 'Control', 30),
	(210, 3, 2, 2, '2026-06-02 15:00:00', 1, 0, '2026-05-19 00:56:15', NULL, 30),
	(211, 4, 2, 2, '2026-06-02 15:30:00', 1, 0, '2026-05-19 00:56:15', NULL, 30),
	(212, 1, 2, 2, '2026-06-02 16:00:00', 1, 0, '2026-05-19 00:56:15', 'Primera consulta', 30),
	(213, 2, 2, 2, '2026-06-02 16:30:00', 1, 0, '2026-05-19 00:56:15', NULL, 30),
	(214, 3, 2, 2, '2026-06-02 17:00:00', 1, 0, '2026-05-19 00:56:15', 'Seguimiento', 30),
	(215, 4, 2, 2, '2026-06-02 17:30:00', 1, 0, '2026-05-19 00:56:15', NULL, 30),
	(216, 1, 3, 3, '2026-06-02 09:00:00', 1, 0, '2026-05-19 00:56:15', NULL, 45),
	(217, 2, 3, 3, '2026-06-02 09:45:00', 1, 0, '2026-05-19 00:56:15', 'Control', 45),
	(218, 3, 3, 3, '2026-06-02 10:30:00', 1, 0, '2026-05-19 00:56:15', NULL, 45),
	(219, 4, 3, 3, '2026-06-02 11:15:00', 1, 0, '2026-05-19 00:56:15', 'Vacunación', 45),
	(220, 1, 3, 3, '2026-06-02 12:00:00', 1, 0, '2026-05-19 00:56:15', NULL, 45),
	(221, 1, 1, 1, '2026-06-03 08:00:00', 1, 0, '2026-05-19 00:56:15', 'Control', 30),
	(222, 2, 1, 1, '2026-06-03 08:30:00', 1, 0, '2026-05-19 00:56:15', NULL, 30),
	(223, 3, 1, 1, '2026-06-03 09:00:00', 1, 0, '2026-05-19 00:56:15', NULL, 30),
	(224, 4, 1, 1, '2026-06-03 09:30:00', 1, 0, '2026-05-19 00:56:15', 'Primera vez', 30),
	(225, 1, 1, 1, '2026-06-03 10:00:00', 1, 0, '2026-05-19 00:56:15', NULL, 30),
	(226, 2, 1, 1, '2026-06-03 10:30:00', 1, 0, '2026-05-19 00:56:15', 'Seguimiento', 30),
	(227, 3, 1, 1, '2026-06-03 11:00:00', 1, 0, '2026-05-19 00:56:15', NULL, 30),
	(228, 4, 1, 1, '2026-06-03 11:30:00', 1, 0, '2026-05-19 00:56:15', NULL, 30),
	(229, 1, 2, 2, '2026-06-03 14:00:00', 1, 0, '2026-05-19 00:56:15', NULL, 30),
	(230, 2, 2, 2, '2026-06-03 14:30:00', 1, 0, '2026-05-19 00:56:15', 'Control piel', 30),
	(231, 3, 2, 2, '2026-06-03 15:00:00', 1, 0, '2026-05-19 00:56:15', NULL, 30),
	(232, 4, 2, 2, '2026-06-03 15:30:00', 1, 0, '2026-05-19 00:56:15', NULL, 30),
	(233, 1, 2, 2, '2026-06-03 16:00:00', 1, 0, '2026-05-19 00:56:15', 'Primera consulta', 30),
	(234, 2, 2, 2, '2026-06-03 16:30:00', 1, 0, '2026-05-19 00:56:15', NULL, 30),
	(235, 3, 2, 2, '2026-06-03 17:00:00', 1, 0, '2026-05-19 00:56:15', 'Seguimiento', 30),
	(236, 4, 2, 2, '2026-06-03 17:30:00', 1, 0, '2026-05-19 00:56:15', NULL, 30),
	(237, 1, 2, 2, '2026-06-04 14:00:00', 1, 0, '2026-05-19 00:56:15', 'Control', 30),
	(238, 2, 2, 2, '2026-06-04 14:30:00', 1, 0, '2026-05-19 00:56:15', NULL, 30),
	(239, 3, 2, 2, '2026-06-04 15:00:00', 1, 0, '2026-05-19 00:56:15', NULL, 30),
	(240, 4, 2, 2, '2026-06-04 15:30:00', 1, 0, '2026-05-19 00:56:15', 'Primera vez', 30),
	(241, 1, 2, 2, '2026-06-04 16:00:00', 1, 0, '2026-05-19 00:56:15', NULL, 30),
	(242, 2, 2, 2, '2026-06-04 16:30:00', 1, 0, '2026-05-19 00:56:15', 'Seguimiento', 30),
	(243, 3, 2, 2, '2026-06-04 17:00:00', 1, 0, '2026-05-19 00:56:15', NULL, 30),
	(244, 4, 2, 2, '2026-06-04 17:30:00', 1, 0, '2026-05-19 00:56:15', 'Control piel', 30),
	(245, 1, 3, 3, '2026-06-04 09:00:00', 1, 0, '2026-05-19 00:56:15', NULL, 45),
	(246, 2, 3, 3, '2026-06-04 09:45:00', 1, 0, '2026-05-19 00:56:15', 'Control crecimiento', 45),
	(247, 3, 3, 3, '2026-06-04 10:30:00', 1, 0, '2026-05-19 00:56:15', NULL, 45),
	(248, 4, 3, 3, '2026-06-04 11:15:00', 1, 0, '2026-05-19 00:56:15', NULL, 45),
	(249, 1, 3, 3, '2026-06-04 12:00:00', 1, 0, '2026-05-19 00:56:15', 'Control', 45),
	(250, 1, 1, 1, '2026-06-05 08:00:00', 1, 0, '2026-05-19 00:56:15', NULL, 30),
	(251, 2, 1, 1, '2026-06-05 08:30:00', 1, 0, '2026-05-19 00:56:15', 'Control cardiología', 30),
	(252, 3, 1, 1, '2026-06-05 09:00:00', 1, 0, '2026-05-19 00:56:15', NULL, 30),
	(253, 4, 1, 1, '2026-06-05 09:30:00', 1, 0, '2026-05-19 00:56:15', NULL, 30),
	(254, 1, 1, 1, '2026-06-05 10:00:00', 1, 0, '2026-05-19 00:56:15', 'Primera consulta', 30),
	(255, 2, 1, 1, '2026-06-05 10:30:00', 1, 0, '2026-05-19 00:56:15', NULL, 30),
	(256, 3, 1, 1, '2026-06-05 11:00:00', 1, 0, '2026-05-19 00:56:15', 'Seguimiento', 30),
	(257, 4, 1, 1, '2026-06-05 11:30:00', 1, 0, '2026-05-19 00:56:15', NULL, 30),
	(258, 1, 2, 2, '2026-06-05 14:00:00', 1, 0, '2026-05-19 00:56:15', NULL, 30),
	(259, 2, 2, 2, '2026-06-05 14:30:00', 1, 0, '2026-05-19 00:56:15', 'Control', 30),
	(260, 3, 2, 2, '2026-06-05 15:00:00', 1, 0, '2026-05-19 00:56:15', NULL, 30),
	(261, 4, 2, 2, '2026-06-05 15:30:00', 1, 0, '2026-05-19 00:56:15', NULL, 30),
	(262, 1, 2, 2, '2026-06-05 16:00:00', 1, 0, '2026-05-19 00:56:15', 'Primera vez', 30),
	(263, 2, 2, 2, '2026-06-05 16:30:00', 1, 0, '2026-05-19 00:56:15', NULL, 30),
	(264, 3, 2, 2, '2026-06-05 17:00:00', 1, 0, '2026-05-19 00:56:15', 'Seguimiento', 30),
	(265, 4, 2, 2, '2026-06-05 17:30:00', 1, 0, '2026-05-19 00:56:15', NULL, 30),
	(266, 1, 1, 1, '2026-05-18 12:30:00', 1, 1, '2026-05-19 00:56:15', 'Sobreturno - Urgencia cardiología', 30),
	(267, 2, 2, 2, '2026-05-19 18:30:00', 1, 1, '2026-05-19 00:56:15', 'Sobreturno - Fuera de horario', 30),
	(268, 3, 3, 3, '2026-05-21 13:30:00', 1, 1, '2026-05-19 00:56:15', 'Sobreturno - Pediatría urgencia', 45),
	(269, 4, 1, 1, '2026-05-22 12:15:00', 1, 1, '2026-05-19 00:56:15', 'Sobreturno - Urgencia', 30),
	(270, 1, 2, 2, '2026-06-01 18:30:00', 1, 1, '2026-05-19 00:56:15', 'Sobreturno - Dermatology urgencia', 30),
	(271, 2, 3, 3, '2026-06-02 13:15:00', 1, 1, '2026-05-19 00:56:15', 'Sobreturno - Pediatría', 45),
	(272, 1, 1, 1, '2026-06-01 08:00:00', 1, 0, '2026-05-31 01:36:26', 'Control cardiología', 30),
	(273, 2, 1, 1, '2026-06-01 08:30:00', 1, 0, '2026-05-31 01:36:26', NULL, 30),
	(274, 3, 1, 1, '2026-06-01 09:00:00', 1, 0, '2026-05-31 01:36:26', 'Primera vez', 30),
	(275, 4, 1, 1, '2026-06-01 09:30:00', 1, 0, '2026-05-31 01:36:26', NULL, 30),
	(276, 1, 1, 1, '2026-06-01 10:00:00', 1, 0, '2026-05-31 01:36:26', 'Seguimiento', 30),
	(277, 2, 1, 1, '2026-06-01 10:30:00', 1, 0, '2026-05-31 01:36:26', NULL, 30),
	(278, 3, 1, 1, '2026-06-01 11:00:00', 1, 0, '2026-05-31 01:36:26', 'Control', 30),
	(279, 4, 1, 1, '2026-06-01 11:30:00', 1, 0, '2026-05-31 01:36:26', NULL, 30),
	(280, 1, 2, 2, '2026-06-01 14:00:00', 1, 0, '2026-05-31 01:36:26', 'Dermatología', 30),
	(281, 2, 2, 2, '2026-06-01 14:30:00', 1, 0, '2026-05-31 01:36:26', NULL, 30),
	(282, 3, 2, 2, '2026-06-01 15:00:00', 1, 0, '2026-05-31 01:36:26', 'Control piel', 30),
	(283, 4, 2, 2, '2026-06-01 15:30:00', 1, 0, '2026-05-31 01:36:26', NULL, 30),
	(284, 1, 2, 2, '2026-06-01 16:00:00', 1, 0, '2026-05-31 01:36:26', 'Primera consulta', 30),
	(285, 2, 2, 2, '2026-06-01 16:30:00', 1, 0, '2026-05-31 01:36:26', NULL, 30),
	(286, 3, 2, 2, '2026-06-01 17:00:00', 1, 0, '2026-05-31 01:36:26', 'Seguimiento', 30),
	(287, 4, 2, 2, '2026-06-01 17:30:00', 1, 0, '2026-05-31 01:36:26', NULL, 30),
	(288, 1, 2, 2, '2026-06-02 14:00:00', 1, 0, '2026-05-31 01:36:26', NULL, 30),
	(289, 2, 2, 2, '2026-06-02 14:30:00', 1, 0, '2026-05-31 01:36:26', 'Control', 30),
	(290, 3, 2, 2, '2026-06-02 15:00:00', 1, 0, '2026-05-31 01:36:26', NULL, 30),
	(291, 4, 2, 2, '2026-06-02 15:30:00', 1, 0, '2026-05-31 01:36:26', 'Urgencia leve', 30),
	(292, 1, 2, 2, '2026-06-02 16:00:00', 1, 0, '2026-05-31 01:36:26', NULL, 30),
	(293, 2, 2, 2, '2026-06-02 16:30:00', 1, 0, '2026-05-31 01:36:26', 'Primera vez', 30),
	(294, 3, 2, 2, '2026-06-02 17:00:00', 1, 0, '2026-05-31 01:36:26', NULL, 30),
	(295, 4, 2, 2, '2026-06-02 17:30:00', 1, 0, '2026-05-31 01:36:26', 'Seguimiento', 30),
	(296, 1, 3, 3, '2026-06-02 09:00:00', 1, 0, '2026-05-31 01:36:26', 'Pediatría - Control', 45),
	(297, 2, 3, 3, '2026-06-02 09:45:00', 1, 0, '2026-05-31 01:36:26', NULL, 45),
	(298, 3, 3, 3, '2026-06-02 10:30:00', 1, 0, '2026-05-31 01:36:26', 'Vacunación', 45),
	(299, 4, 3, 3, '2026-06-02 11:15:00', 1, 0, '2026-05-31 01:36:26', NULL, 45),
	(300, 1, 3, 3, '2026-06-02 12:00:00', 1, 0, '2026-05-31 01:36:26', 'Control crecimiento', 45),
	(301, 1, 1, 1, '2026-06-03 08:00:00', 1, 0, '2026-05-31 01:36:26', NULL, 30),
	(302, 2, 1, 1, '2026-06-03 08:30:00', 1, 0, '2026-05-31 01:36:26', 'Control', 30),
	(303, 3, 1, 1, '2026-06-03 09:00:00', 1, 0, '2026-05-31 01:36:26', NULL, 30),
	(304, 4, 1, 1, '2026-06-03 09:30:00', 1, 0, '2026-05-31 01:36:26', 'Primera consulta', 30),
	(305, 1, 1, 1, '2026-06-03 10:00:00', 1, 0, '2026-05-31 01:36:26', NULL, 30),
	(306, 2, 1, 1, '2026-06-03 10:30:00', 1, 0, '2026-05-31 01:36:26', 'Seguimiento', 30),
	(307, 3, 1, 1, '2026-06-03 11:00:00', 1, 0, '2026-05-31 01:36:26', NULL, 30),
	(308, 4, 1, 1, '2026-06-03 11:30:00', 1, 0, '2026-05-31 01:36:26', 'Control cardiología', 30),
	(309, 1, 2, 2, '2026-06-03 14:00:00', 1, 0, '2026-05-31 01:36:26', NULL, 30),
	(310, 2, 2, 2, '2026-06-03 14:30:00', 1, 0, '2026-05-31 01:36:26', 'Control piel', 30),
	(311, 3, 2, 2, '2026-06-03 15:00:00', 1, 0, '2026-05-31 01:36:26', NULL, 30),
	(312, 4, 2, 2, '2026-06-03 15:30:00', 1, 0, '2026-05-31 01:36:26', 'Primera vez', 30),
	(313, 1, 2, 2, '2026-06-03 16:00:00', 1, 0, '2026-05-31 01:36:26', NULL, 30),
	(314, 2, 2, 2, '2026-06-03 16:30:00', 1, 0, '2026-05-31 01:36:26', 'Seguimiento', 30),
	(315, 3, 2, 2, '2026-06-03 17:00:00', 1, 0, '2026-05-31 01:36:26', NULL, 30),
	(316, 4, 2, 2, '2026-06-03 17:30:00', 1, 0, '2026-05-31 01:36:26', 'Control', 30),
	(317, 1, 2, 2, '2026-06-04 14:00:00', 1, 0, '2026-05-31 01:36:26', 'Dermatología', 30),
	(318, 2, 2, 2, '2026-06-04 14:30:00', 1, 0, '2026-05-31 01:36:26', NULL, 30),
	(319, 3, 2, 2, '2026-06-04 15:00:00', 1, 0, '2026-05-31 01:36:26', NULL, 30),
	(320, 4, 2, 2, '2026-06-04 15:30:00', 1, 0, '2026-05-31 01:36:26', 'Control', 30),
	(321, 1, 2, 2, '2026-06-04 16:00:00', 1, 0, '2026-05-31 01:36:26', NULL, 30),
	(322, 2, 2, 2, '2026-06-04 16:30:00', 1, 0, '2026-05-31 01:36:26', 'Primera consulta', 30),
	(323, 3, 2, 2, '2026-06-04 17:00:00', 1, 0, '2026-05-31 01:36:26', NULL, 30),
	(324, 4, 2, 2, '2026-06-04 17:30:00', 1, 0, '2026-05-31 01:36:26', 'Seguimiento', 30),
	(325, 1, 3, 3, '2026-06-04 09:00:00', 1, 0, '2026-05-31 01:36:26', NULL, 45),
	(326, 2, 3, 3, '2026-06-04 09:45:00', 1, 0, '2026-05-31 01:36:26', 'Control', 45),
	(327, 3, 3, 3, '2026-06-04 10:30:00', 1, 0, '2026-05-31 01:36:26', NULL, 45),
	(328, 4, 3, 3, '2026-06-04 11:15:00', 1, 0, '2026-05-31 01:36:26', 'Vacunación', 45),
	(329, 1, 3, 3, '2026-06-04 12:00:00', 1, 0, '2026-05-31 01:36:26', NULL, 45),
	(330, 1, 1, 1, '2026-06-05 08:00:00', 1, 0, '2026-05-31 01:36:26', 'Control', 30),
	(331, 2, 1, 1, '2026-06-05 08:30:00', 1, 0, '2026-05-31 01:36:26', NULL, 30),
	(332, 3, 1, 1, '2026-06-05 09:00:00', 1, 0, '2026-05-31 01:36:26', 'Primera vez', 30),
	(333, 4, 1, 1, '2026-06-05 09:30:00', 1, 0, '2026-05-31 01:36:26', NULL, 30),
	(334, 1, 1, 1, '2026-06-05 10:00:00', 1, 0, '2026-05-31 01:36:26', 'Seguimiento', 30),
	(335, 2, 1, 1, '2026-06-05 10:30:00', 1, 0, '2026-05-31 01:36:26', NULL, 30),
	(336, 3, 1, 1, '2026-06-05 11:00:00', 1, 0, '2026-05-31 01:36:26', NULL, 30),
	(337, 4, 1, 1, '2026-06-05 11:30:00', 1, 0, '2026-05-31 01:36:26', 'Control cardiología', 30),
	(338, 1, 2, 2, '2026-06-05 14:00:00', 1, 0, '2026-05-31 01:36:26', NULL, 30),
	(339, 2, 2, 2, '2026-06-05 14:30:00', 1, 0, '2026-05-31 01:36:26', 'Control piel', 30),
	(340, 3, 2, 2, '2026-06-05 15:00:00', 1, 0, '2026-05-31 01:36:26', NULL, 30),
	(341, 4, 2, 2, '2026-06-05 15:30:00', 1, 0, '2026-05-31 01:36:26', 'Primera consulta', 30),
	(342, 1, 2, 2, '2026-06-05 16:00:00', 1, 0, '2026-05-31 01:36:26', NULL, 30),
	(343, 2, 2, 2, '2026-06-05 16:30:00', 1, 0, '2026-05-31 01:36:26', 'Seguimiento', 30),
	(344, 3, 2, 2, '2026-06-05 17:00:00', 1, 0, '2026-05-31 01:36:26', NULL, 30),
	(345, 4, 2, 2, '2026-06-05 17:30:00', 1, 0, '2026-05-31 01:36:26', 'Control', 30),
	(346, 1, 1, 1, '2026-06-08 08:00:00', 1, 0, '2026-05-31 01:36:26', NULL, 30),
	(347, 2, 1, 1, '2026-06-08 08:30:00', 1, 0, '2026-05-31 01:36:26', 'Control cardiología', 30),
	(348, 3, 1, 1, '2026-06-08 09:00:00', 1, 0, '2026-05-31 01:36:26', NULL, 30),
	(349, 4, 1, 1, '2026-06-08 09:30:00', 1, 0, '2026-05-31 01:36:26', NULL, 30),
	(350, 1, 1, 1, '2026-06-08 10:00:00', 1, 0, '2026-05-31 01:36:26', 'Primera consulta', 30),
	(351, 2, 1, 1, '2026-06-08 10:30:00', 1, 0, '2026-05-31 01:36:26', NULL, 30),
	(352, 3, 1, 1, '2026-06-08 11:00:00', 1, 0, '2026-05-31 01:36:26', 'Seguimiento', 30),
	(353, 4, 1, 1, '2026-06-08 11:30:00', 1, 0, '2026-05-31 01:36:26', NULL, 30),
	(354, 1, 2, 2, '2026-06-08 14:00:00', 1, 0, '2026-05-31 01:36:26', 'Control', 30),
	(355, 2, 2, 2, '2026-06-08 14:30:00', 1, 0, '2026-05-31 01:36:26', NULL, 30),
	(356, 3, 2, 2, '2026-06-08 15:00:00', 1, 0, '2026-05-31 01:36:26', NULL, 30),
	(357, 4, 2, 2, '2026-06-08 15:30:00', 1, 0, '2026-05-31 01:36:26', 'Primera vez', 30),
	(358, 1, 2, 2, '2026-06-08 16:00:00', 1, 0, '2026-05-31 01:36:26', NULL, 30),
	(359, 2, 2, 2, '2026-06-08 16:30:00', 1, 0, '2026-05-31 01:36:26', 'Seguimiento', 30),
	(360, 3, 2, 2, '2026-06-08 17:00:00', 1, 0, '2026-05-31 01:36:26', NULL, 30),
	(361, 4, 2, 2, '2026-06-08 17:30:00', 1, 0, '2026-05-31 01:36:26', 'Control piel', 30),
	(362, 1, 2, 2, '2026-06-09 14:00:00', 1, 0, '2026-05-31 01:36:26', NULL, 30),
	(363, 2, 2, 2, '2026-06-09 14:30:00', 1, 0, '2026-05-31 01:36:26', 'Control', 30),
	(364, 3, 2, 2, '2026-06-09 15:00:00', 1, 0, '2026-05-31 01:36:26', NULL, 30),
	(365, 4, 2, 2, '2026-06-09 15:30:00', 1, 0, '2026-05-31 01:36:26', NULL, 30),
	(366, 1, 2, 2, '2026-06-09 16:00:00', 1, 0, '2026-05-31 01:36:26', 'Primera consulta', 30),
	(367, 2, 2, 2, '2026-06-09 16:30:00', 1, 0, '2026-05-31 01:36:26', NULL, 30),
	(368, 3, 2, 2, '2026-06-09 17:00:00', 1, 0, '2026-05-31 01:36:26', 'Seguimiento', 30),
	(369, 4, 2, 2, '2026-06-09 17:30:00', 1, 0, '2026-05-31 01:36:26', NULL, 30),
	(370, 1, 3, 3, '2026-06-09 09:00:00', 1, 0, '2026-05-31 01:36:26', 'Control', 45),
	(371, 2, 3, 3, '2026-06-09 09:45:00', 1, 0, '2026-05-31 01:36:26', NULL, 45),
	(372, 3, 3, 3, '2026-06-09 10:30:00', 1, 0, '2026-05-31 01:36:26', NULL, 45),
	(373, 4, 3, 3, '2026-06-09 11:15:00', 1, 0, '2026-05-31 01:36:26', 'Control crecimiento', 45),
	(374, 1, 3, 3, '2026-06-09 12:00:00', 1, 0, '2026-05-31 01:36:26', NULL, 45),
	(375, 1, 1, 1, '2026-06-10 08:00:00', 1, 0, '2026-05-31 01:36:26', NULL, 30),
	(376, 2, 1, 1, '2026-06-10 08:30:00', 1, 0, '2026-05-31 01:36:26', NULL, 30),
	(377, 3, 1, 1, '2026-06-10 09:00:00', 1, 0, '2026-05-31 01:36:26', 'Control cardiología', 30),
	(378, 4, 1, 1, '2026-06-10 09:30:00', 1, 0, '2026-05-31 01:36:26', NULL, 30),
	(379, 1, 1, 1, '2026-06-10 10:00:00', 1, 0, '2026-05-31 01:36:26', 'Primera vez', 30),
	(380, 2, 1, 1, '2026-06-10 10:30:00', 1, 0, '2026-05-31 01:36:26', NULL, 30),
	(381, 3, 1, 1, '2026-06-10 11:00:00', 1, 0, '2026-05-31 01:36:26', NULL, 30),
	(382, 4, 1, 1, '2026-06-10 11:30:00', 1, 0, '2026-05-31 01:36:26', 'Seguimiento', 30),
	(383, 1, 2, 2, '2026-06-10 14:00:00', 1, 0, '2026-05-31 01:36:26', NULL, 30),
	(384, 2, 2, 2, '2026-06-10 14:30:00', 1, 0, '2026-05-31 01:36:26', 'Control piel', 30),
	(385, 3, 2, 2, '2026-06-10 15:00:00', 1, 0, '2026-05-31 01:36:26', NULL, 30),
	(386, 4, 2, 2, '2026-06-10 15:30:00', 1, 0, '2026-05-31 01:36:26', NULL, 30),
	(387, 1, 2, 2, '2026-06-10 16:00:00', 1, 0, '2026-05-31 01:36:26', 'Primera consulta', 30),
	(388, 2, 2, 2, '2026-06-10 16:30:00', 1, 0, '2026-05-31 01:36:26', NULL, 30),
	(389, 3, 2, 2, '2026-06-10 17:00:00', 1, 0, '2026-05-31 01:36:26', 'Seguimiento', 30),
	(390, 4, 2, 2, '2026-06-10 17:30:00', 1, 0, '2026-05-31 01:36:26', NULL, 30),
	(391, 1, 2, 2, '2026-06-11 14:00:00', 1, 0, '2026-05-31 01:36:26', 'Control', 30),
	(392, 2, 2, 2, '2026-06-11 14:30:00', 1, 0, '2026-05-31 01:36:26', NULL, 30),
	(393, 3, 2, 2, '2026-06-11 15:00:00', 1, 0, '2026-05-31 01:36:26', NULL, 30),
	(394, 4, 2, 2, '2026-06-11 15:30:00', 1, 0, '2026-05-31 01:36:26', 'Primera vez', 30),
	(395, 1, 2, 2, '2026-06-11 16:00:00', 1, 0, '2026-05-31 01:36:26', NULL, 30),
	(396, 2, 2, 2, '2026-06-11 16:30:00', 1, 0, '2026-05-31 01:36:26', 'Seguimiento', 30),
	(397, 3, 2, 2, '2026-06-11 17:00:00', 1, 0, '2026-05-31 01:36:26', NULL, 30),
	(398, 4, 2, 2, '2026-06-11 17:30:00', 1, 0, '2026-05-31 01:36:26', 'Control piel', 30),
	(399, 1, 3, 3, '2026-06-11 09:00:00', 1, 0, '2026-05-31 01:36:26', NULL, 45),
	(400, 2, 3, 3, '2026-06-11 09:45:00', 1, 0, '2026-05-31 01:36:26', 'Vacunación', 45),
	(401, 3, 3, 3, '2026-06-11 10:30:00', 1, 0, '2026-05-31 01:36:26', NULL, 45),
	(402, 4, 3, 3, '2026-06-11 11:15:00', 1, 0, '2026-05-31 01:36:26', NULL, 45),
	(403, 1, 3, 3, '2026-06-11 12:00:00', 1, 0, '2026-05-31 01:36:26', 'Control', 45),
	(404, 1, 1, 1, '2026-06-12 08:00:00', 1, 0, '2026-05-31 01:36:26', 'Control', 30),
	(405, 2, 1, 1, '2026-06-12 08:30:00', 1, 0, '2026-05-31 01:36:26', NULL, 30),
	(406, 3, 1, 1, '2026-06-12 09:00:00', 1, 0, '2026-05-31 01:36:26', NULL, 30),
	(407, 4, 1, 1, '2026-06-12 09:30:00', 1, 0, '2026-05-31 01:36:26', 'Primera consulta', 30),
	(408, 1, 1, 1, '2026-06-12 10:00:00', 1, 0, '2026-05-31 01:36:26', NULL, 30),
	(409, 2, 1, 1, '2026-06-12 10:30:00', 1, 0, '2026-05-31 01:36:26', 'Seguimiento', 30),
	(410, 3, 1, 1, '2026-06-12 11:00:00', 1, 0, '2026-05-31 01:36:26', NULL, 30),
	(411, 4, 1, 1, '2026-06-12 11:30:00', 1, 0, '2026-05-31 01:36:26', NULL, 30),
	(412, 1, 2, 2, '2026-06-12 14:00:00', 1, 0, '2026-05-31 01:36:26', NULL, 30),
	(413, 2, 2, 2, '2026-06-12 14:30:00', 1, 0, '2026-05-31 01:36:26', 'Control', 30),
	(414, 3, 2, 2, '2026-06-12 15:00:00', 1, 0, '2026-05-31 01:36:26', NULL, 30),
	(415, 4, 2, 2, '2026-06-12 15:30:00', 1, 0, '2026-05-31 01:36:26', NULL, 30),
	(416, 1, 2, 2, '2026-06-12 16:00:00', 1, 0, '2026-05-31 01:36:26', 'Primera vez', 30),
	(417, 2, 2, 2, '2026-06-12 16:30:00', 1, 0, '2026-05-31 01:36:26', NULL, 30),
	(418, 3, 2, 2, '2026-06-12 17:00:00', 1, 0, '2026-05-31 01:36:26', 'Seguimiento', 30),
	(419, 4, 2, 2, '2026-06-12 17:30:00', 1, 0, '2026-05-31 01:36:26', NULL, 30),
	(420, 1, 1, 1, '2026-06-15 08:00:00', 1, 0, '2026-05-31 01:36:26', NULL, 30),
	(421, 2, 1, 1, '2026-06-15 08:30:00', 1, 0, '2026-05-31 01:36:26', 'Control', 30),
	(422, 3, 1, 1, '2026-06-15 09:00:00', 1, 0, '2026-05-31 01:36:26', 'Primera vez', 30),
	(423, 4, 1, 1, '2026-06-15 09:30:00', 1, 0, '2026-05-31 01:36:26', NULL, 30),
	(424, 1, 1, 1, '2026-06-15 10:00:00', 1, 0, '2026-05-31 01:36:26', 'Seguimiento', 30),
	(425, 2, 1, 1, '2026-06-15 10:30:00', 1, 0, '2026-05-31 01:36:26', NULL, 30),
	(426, 3, 1, 1, '2026-06-15 11:00:00', 1, 0, '2026-05-31 01:36:26', NULL, 30),
	(427, 4, 1, 1, '2026-06-15 11:30:00', 1, 0, '2026-05-31 01:36:26', 'Control cardiología', 30),
	(428, 1, 2, 2, '2026-06-15 14:00:00', 1, 0, '2026-05-31 01:36:26', 'Dermatología', 30),
	(429, 2, 2, 2, '2026-06-15 14:30:00', 1, 0, '2026-05-31 01:36:26', NULL, 30),
	(430, 3, 2, 2, '2026-06-15 15:00:00', 1, 0, '2026-05-31 01:36:26', 'Control piel', 30),
	(431, 4, 2, 2, '2026-06-15 15:30:00', 1, 0, '2026-05-31 01:36:26', NULL, 30),
	(432, 1, 2, 2, '2026-06-15 16:00:00', 1, 0, '2026-05-31 01:36:26', 'Primera consulta', 30),
	(433, 2, 2, 2, '2026-06-15 16:30:00', 1, 0, '2026-05-31 01:36:26', NULL, 30),
	(434, 3, 2, 2, '2026-06-15 17:00:00', 1, 0, '2026-05-31 01:36:26', 'Seguimiento', 30),
	(435, 4, 2, 2, '2026-06-15 17:30:00', 1, 0, '2026-05-31 01:36:26', NULL, 30),
	(436, 1, 2, 2, '2026-06-16 14:00:00', 1, 0, '2026-05-31 01:36:26', NULL, 30),
	(437, 2, 2, 2, '2026-06-16 14:30:00', 1, 0, '2026-05-31 01:36:26', 'Control', 30),
	(438, 3, 2, 2, '2026-06-16 15:00:00', 1, 0, '2026-05-31 01:36:26', NULL, 30),
	(439, 4, 2, 2, '2026-06-16 15:30:00', 1, 0, '2026-05-31 01:36:26', 'Urgencia leve', 30),
	(440, 1, 2, 2, '2026-06-16 16:00:00', 1, 0, '2026-05-31 01:36:26', NULL, 30),
	(441, 2, 2, 2, '2026-06-16 16:30:00', 1, 0, '2026-05-31 01:36:26', 'Primera vez', 30),
	(442, 3, 2, 2, '2026-06-16 17:00:00', 1, 0, '2026-05-31 01:36:26', NULL, 30),
	(443, 4, 2, 2, '2026-06-16 17:30:00', 1, 0, '2026-05-31 01:36:26', 'Seguimiento', 30),
	(444, 1, 3, 3, '2026-06-16 09:00:00', 1, 0, '2026-05-31 01:36:26', 'Pediatría - Control', 45),
	(445, 2, 3, 3, '2026-06-16 09:45:00', 1, 0, '2026-05-31 01:36:26', NULL, 45),
	(446, 3, 3, 3, '2026-06-16 10:30:00', 1, 0, '2026-05-31 01:36:26', 'Vacunación', 45),
	(447, 4, 3, 3, '2026-06-16 11:15:00', 1, 0, '2026-05-31 01:36:26', NULL, 45),
	(448, 1, 3, 3, '2026-06-16 12:00:00', 1, 0, '2026-05-31 01:36:26', 'Control crecimiento', 45),
	(449, 1, 1, 1, '2026-06-17 08:00:00', 1, 0, '2026-05-31 01:36:26', NULL, 30),
	(450, 2, 1, 1, '2026-06-17 08:30:00', 1, 0, '2026-05-31 01:36:26', 'Control cardiología', 30),
	(451, 3, 1, 1, '2026-06-17 09:00:00', 1, 0, '2026-05-31 01:36:26', NULL, 30),
	(452, 4, 1, 1, '2026-06-17 09:30:00', 1, 0, '2026-05-31 01:36:26', 'Primera consulta', 30),
	(453, 1, 1, 1, '2026-06-17 10:00:00', 1, 0, '2026-05-31 01:36:26', NULL, 30),
	(454, 2, 1, 1, '2026-06-17 10:30:00', 1, 0, '2026-05-31 01:36:26', 'Seguimiento', 30),
	(455, 3, 1, 1, '2026-06-17 11:00:00', 1, 0, '2026-05-31 01:36:26', NULL, 30),
	(456, 4, 1, 1, '2026-06-17 11:30:00', 1, 0, '2026-05-31 01:36:26', 'Control', 30),
	(457, 1, 2, 2, '2026-06-17 14:00:00', 1, 0, '2026-05-31 01:36:26', NULL, 30),
	(458, 2, 2, 2, '2026-06-17 14:30:00', 1, 0, '2026-05-31 01:36:26', 'Control piel', 30),
	(459, 3, 2, 2, '2026-06-17 15:00:00', 1, 0, '2026-05-31 01:36:26', NULL, 30),
	(460, 4, 2, 2, '2026-06-17 15:30:00', 1, 0, '2026-05-31 01:36:26', NULL, 30),
	(461, 1, 2, 2, '2026-06-17 16:00:00', 1, 0, '2026-05-31 01:36:26', 'Primera consulta', 30),
	(462, 2, 2, 2, '2026-06-17 16:30:00', 1, 0, '2026-05-31 01:36:26', NULL, 30),
	(463, 3, 2, 2, '2026-06-17 17:00:00', 1, 0, '2026-05-31 01:36:26', 'Seguimiento', 30),
	(464, 4, 2, 2, '2026-06-17 17:30:00', 1, 0, '2026-05-31 01:36:26', NULL, 30),
	(465, 1, 2, 2, '2026-06-18 14:00:00', 1, 0, '2026-05-31 01:36:26', 'Control', 30),
	(466, 2, 2, 2, '2026-06-18 14:30:00', 1, 0, '2026-05-31 01:36:26', NULL, 30),
	(467, 3, 2, 2, '2026-06-18 15:00:00', 1, 0, '2026-05-31 01:36:26', NULL, 30),
	(468, 4, 2, 2, '2026-06-18 15:30:00', 1, 0, '2026-05-31 01:36:26', 'Primera vez', 30),
	(469, 1, 2, 2, '2026-06-18 16:00:00', 1, 0, '2026-05-31 01:36:26', NULL, 30),
	(470, 2, 2, 2, '2026-06-18 16:30:00', 1, 0, '2026-05-31 01:36:26', 'Seguimiento', 30),
	(471, 3, 2, 2, '2026-06-18 17:00:00', 1, 0, '2026-05-31 01:36:26', NULL, 30),
	(472, 4, 2, 2, '2026-06-18 17:30:00', 1, 0, '2026-05-31 01:36:26', 'Control piel', 30),
	(473, 1, 3, 3, '2026-06-18 09:00:00', 1, 0, '2026-05-31 01:36:26', NULL, 45),
	(474, 2, 3, 3, '2026-06-18 09:45:00', 1, 0, '2026-05-31 01:36:26', 'Control', 45),
	(475, 3, 3, 3, '2026-06-18 10:30:00', 1, 0, '2026-05-31 01:36:26', NULL, 45),
	(476, 4, 3, 3, '2026-06-18 11:15:00', 1, 0, '2026-05-31 01:36:26', 'Vacunación', 45),
	(477, 1, 3, 3, '2026-06-18 12:00:00', 1, 0, '2026-05-31 01:36:26', NULL, 45),
	(478, 1, 1, 1, '2026-06-19 08:00:00', 1, 0, '2026-05-31 01:36:26', 'Control', 30),
	(479, 2, 1, 1, '2026-06-19 08:30:00', 1, 0, '2026-05-31 01:36:26', NULL, 30),
	(480, 3, 1, 1, '2026-06-19 09:00:00', 1, 0, '2026-05-31 01:36:26', NULL, 30),
	(481, 4, 1, 1, '2026-06-19 09:30:00', 1, 0, '2026-05-31 01:36:26', 'Primera vez', 30),
	(482, 1, 1, 1, '2026-06-19 10:00:00', 1, 0, '2026-05-31 01:36:26', 'Seguimiento', 30),
	(483, 2, 1, 1, '2026-06-19 10:30:00', 1, 0, '2026-05-31 01:36:26', NULL, 30),
	(484, 3, 1, 1, '2026-06-19 11:00:00', 1, 0, '2026-05-31 01:36:26', NULL, 30),
	(485, 4, 1, 1, '2026-06-19 11:30:00', 1, 0, '2026-05-31 01:36:26', 'Control cardiología', 30),
	(486, 1, 2, 2, '2026-06-19 14:00:00', 1, 0, '2026-05-31 01:36:26', NULL, 30),
	(487, 2, 2, 2, '2026-06-19 14:30:00', 1, 0, '2026-05-31 01:36:26', 'Control', 30),
	(488, 3, 2, 2, '2026-06-19 15:00:00', 1, 0, '2026-05-31 01:36:26', NULL, 30),
	(489, 4, 2, 2, '2026-06-19 15:30:00', 1, 0, '2026-05-31 01:36:26', NULL, 30),
	(490, 1, 2, 2, '2026-06-19 16:00:00', 1, 0, '2026-05-31 01:36:26', 'Primera vez', 30),
	(491, 2, 2, 2, '2026-06-19 16:30:00', 1, 0, '2026-05-31 01:36:26', NULL, 30),
	(492, 3, 2, 2, '2026-06-19 17:00:00', 1, 0, '2026-05-31 01:36:26', 'Seguimiento', 30),
	(493, 4, 2, 2, '2026-06-19 17:30:00', 1, 0, '2026-05-31 01:36:26', NULL, 30),
	(494, 1, 1, 1, '2026-06-22 08:00:00', 1, 0, '2026-05-31 01:36:26', NULL, 30),
	(495, 2, 1, 1, '2026-06-22 08:30:00', 1, 0, '2026-05-31 01:36:26', 'Control', 30),
	(496, 3, 1, 1, '2026-06-22 09:00:00', 1, 0, '2026-05-31 01:36:26', 'Primera vez', 30),
	(497, 4, 1, 1, '2026-06-22 09:30:00', 1, 0, '2026-05-31 01:36:26', NULL, 30),
	(498, 1, 1, 1, '2026-06-22 10:00:00', 1, 0, '2026-05-31 01:36:26', NULL, 30),
	(499, 2, 1, 1, '2026-06-22 10:30:00', 1, 0, '2026-05-31 01:36:26', 'Seguimiento', 30),
	(500, 3, 1, 1, '2026-06-22 11:00:00', 1, 0, '2026-05-31 01:36:26', 'Control cardiología', 30),
	(501, 4, 1, 1, '2026-06-22 11:30:00', 1, 0, '2026-05-31 01:36:26', NULL, 30),
	(502, 1, 2, 2, '2026-06-22 14:00:00', 1, 0, '2026-05-31 01:36:26', 'Control piel', 30),
	(503, 2, 2, 2, '2026-06-22 14:30:00', 1, 0, '2026-05-31 01:36:26', NULL, 30),
	(504, 3, 2, 2, '2026-06-22 15:00:00', 1, 0, '2026-05-31 01:36:26', NULL, 30),
	(505, 4, 2, 2, '2026-06-22 15:30:00', 1, 0, '2026-05-31 01:36:26', 'Primera vez', 30),
	(506, 1, 2, 2, '2026-06-22 16:00:00', 1, 0, '2026-05-31 01:36:26', NULL, 30),
	(507, 2, 2, 2, '2026-06-22 16:30:00', 1, 0, '2026-05-31 01:36:26', 'Seguimiento', 30),
	(508, 3, 2, 2, '2026-06-22 17:00:00', 1, 0, '2026-05-31 01:36:26', NULL, 30),
	(509, 4, 2, 2, '2026-06-22 17:30:00', 1, 0, '2026-05-31 01:36:26', 'Control', 30),
	(510, 1, 2, 2, '2026-06-23 14:00:00', 1, 0, '2026-05-31 01:36:26', NULL, 30),
	(511, 2, 2, 2, '2026-06-23 14:30:00', 1, 0, '2026-05-31 01:36:26', 'Control', 30),
	(512, 3, 2, 2, '2026-06-23 15:00:00', 1, 0, '2026-05-31 01:36:26', NULL, 30),
	(513, 4, 2, 2, '2026-06-23 15:30:00', 1, 0, '2026-05-31 01:36:26', NULL, 30),
	(514, 1, 2, 2, '2026-06-23 16:00:00', 1, 0, '2026-05-31 01:36:26', 'Primera consulta', 30),
	(515, 2, 2, 2, '2026-06-23 16:30:00', 1, 0, '2026-05-31 01:36:26', NULL, 30),
	(516, 3, 2, 2, '2026-06-23 17:00:00', 1, 0, '2026-05-31 01:36:26', 'Seguimiento', 30),
	(517, 4, 2, 2, '2026-06-23 17:30:00', 1, 0, '2026-05-31 01:36:26', NULL, 30),
	(518, 1, 3, 3, '2026-06-23 09:00:00', 1, 0, '2026-05-31 01:36:26', NULL, 45),
	(519, 2, 3, 3, '2026-06-23 09:45:00', 1, 0, '2026-05-31 01:36:26', 'Control', 45),
	(520, 3, 3, 3, '2026-06-23 10:30:00', 1, 0, '2026-05-31 01:36:26', NULL, 45),
	(521, 4, 3, 3, '2026-06-23 11:15:00', 1, 0, '2026-05-31 01:36:26', 'Vacunación', 45),
	(522, 1, 3, 3, '2026-06-23 12:00:00', 1, 0, '2026-05-31 01:36:26', NULL, 45),
	(523, 1, 1, 1, '2026-06-24 08:00:00', 1, 0, '2026-05-31 01:36:26', 'Control', 30),
	(524, 2, 1, 1, '2026-06-24 08:30:00', 1, 0, '2026-05-31 01:36:26', NULL, 30),
	(525, 3, 1, 1, '2026-06-24 09:00:00', 1, 0, '2026-05-31 01:36:26', NULL, 30),
	(526, 4, 1, 1, '2026-06-24 09:30:00', 1, 0, '2026-05-31 01:36:26', 'Primera vez', 30),
	(527, 1, 1, 1, '2026-06-24 10:00:00', 1, 0, '2026-05-31 01:36:26', NULL, 30),
	(528, 2, 1, 1, '2026-06-24 10:30:00', 1, 0, '2026-05-31 01:36:26', 'Seguimiento', 30),
	(529, 3, 1, 1, '2026-06-24 11:00:00', 1, 0, '2026-05-31 01:36:26', NULL, 30),
	(530, 4, 1, 1, '2026-06-24 11:30:00', 1, 0, '2026-05-31 01:36:26', NULL, 30),
	(531, 1, 2, 2, '2026-06-24 14:00:00', 1, 0, '2026-05-31 01:36:26', NULL, 30),
	(532, 2, 2, 2, '2026-06-24 14:30:00', 1, 0, '2026-05-31 01:36:26', 'Control piel', 30),
	(533, 3, 2, 2, '2026-06-24 15:00:00', 1, 0, '2026-05-31 01:36:26', NULL, 30),
	(534, 4, 2, 2, '2026-06-24 15:30:00', 1, 0, '2026-05-31 01:36:26', NULL, 30),
	(535, 1, 2, 2, '2026-06-24 16:00:00', 1, 0, '2026-05-31 01:36:26', 'Primera consulta', 30),
	(536, 2, 2, 2, '2026-06-24 16:30:00', 1, 0, '2026-05-31 01:36:26', NULL, 30),
	(537, 3, 2, 2, '2026-06-24 17:00:00', 1, 0, '2026-05-31 01:36:26', 'Seguimiento', 30),
	(538, 4, 2, 2, '2026-06-24 17:30:00', 1, 0, '2026-05-31 01:36:26', NULL, 30),
	(539, 1, 2, 2, '2026-06-25 14:00:00', 1, 0, '2026-05-31 01:36:26', 'Control', 30),
	(540, 2, 2, 2, '2026-06-25 14:30:00', 1, 0, '2026-05-31 01:36:26', NULL, 30),
	(541, 3, 2, 2, '2026-06-25 15:00:00', 1, 0, '2026-05-31 01:36:26', NULL, 30),
	(542, 4, 2, 2, '2026-06-25 15:30:00', 1, 0, '2026-05-31 01:36:26', 'Primera vez', 30),
	(543, 1, 2, 2, '2026-06-25 16:00:00', 1, 0, '2026-05-31 01:36:26', NULL, 30),
	(544, 2, 2, 2, '2026-06-25 16:30:00', 1, 0, '2026-05-31 01:36:26', 'Seguimiento', 30),
	(545, 3, 2, 2, '2026-06-25 17:00:00', 1, 0, '2026-05-31 01:36:26', NULL, 30),
	(546, 4, 2, 2, '2026-06-25 17:30:00', 1, 0, '2026-05-31 01:36:26', 'Control piel', 30),
	(547, 1, 3, 3, '2026-06-25 09:00:00', 1, 0, '2026-05-31 01:36:26', NULL, 45),
	(548, 2, 3, 3, '2026-06-25 09:45:00', 1, 0, '2026-05-31 01:36:26', 'Control crecimiento', 45),
	(549, 3, 3, 3, '2026-06-25 10:30:00', 1, 0, '2026-05-31 01:36:26', NULL, 45),
	(550, 4, 3, 3, '2026-06-25 11:15:00', 1, 0, '2026-05-31 01:36:26', NULL, 45),
	(551, 1, 3, 3, '2026-06-25 12:00:00', 1, 0, '2026-05-31 01:36:26', 'Control', 45),
	(552, 1, 1, 1, '2026-06-26 08:00:00', 1, 0, '2026-05-31 01:36:26', NULL, 30),
	(553, 2, 1, 1, '2026-06-26 08:30:00', 1, 0, '2026-05-31 01:36:26', 'Control cardiología', 30),
	(554, 3, 1, 1, '2026-06-26 09:00:00', 1, 0, '2026-05-31 01:36:26', NULL, 30),
	(555, 4, 1, 1, '2026-06-26 09:30:00', 1, 0, '2026-05-31 01:36:26', NULL, 30),
	(556, 1, 1, 1, '2026-06-26 10:00:00', 1, 0, '2026-05-31 01:36:26', 'Primera consulta', 30),
	(557, 2, 1, 1, '2026-06-26 10:30:00', 1, 0, '2026-05-31 01:36:26', NULL, 30),
	(558, 3, 1, 1, '2026-06-26 11:00:00', 1, 0, '2026-05-31 01:36:26', 'Seguimiento', 30),
	(559, 4, 1, 1, '2026-06-26 11:30:00', 1, 0, '2026-05-31 01:36:26', NULL, 30),
	(560, 1, 2, 2, '2026-06-26 14:00:00', 1, 0, '2026-05-31 01:36:26', NULL, 30),
	(561, 2, 2, 2, '2026-06-26 14:30:00', 1, 0, '2026-05-31 01:36:26', 'Control', 30),
	(562, 3, 2, 2, '2026-06-26 15:00:00', 1, 0, '2026-05-31 01:36:26', NULL, 30),
	(563, 4, 2, 2, '2026-06-26 15:30:00', 1, 0, '2026-05-31 01:36:26', NULL, 30),
	(564, 1, 2, 2, '2026-06-26 16:00:00', 1, 0, '2026-05-31 01:36:26', 'Primera vez', 30),
	(565, 2, 2, 2, '2026-06-26 16:30:00', 1, 0, '2026-05-31 01:36:26', NULL, 30),
	(566, 3, 2, 2, '2026-06-26 17:00:00', 1, 0, '2026-05-31 01:36:26', 'Seguimiento', 30),
	(567, 4, 2, 2, '2026-06-26 17:30:00', 1, 0, '2026-05-31 01:36:26', NULL, 30),
	(568, 1, 1, 1, '2026-06-29 08:00:00', 1, 0, '2026-05-31 01:36:26', NULL, 30),
	(569, 2, 1, 1, '2026-06-29 08:30:00', 1, 0, '2026-05-31 01:36:26', 'Control', 30),
	(570, 3, 1, 1, '2026-06-29 09:00:00', 1, 0, '2026-05-31 01:36:26', 'Primera vez', 30),
	(571, 4, 1, 1, '2026-06-29 09:30:00', 1, 0, '2026-05-31 01:36:26', NULL, 30),
	(572, 1, 1, 1, '2026-06-29 10:00:00', 1, 0, '2026-05-31 01:36:26', 'Seguimiento', 30),
	(573, 2, 1, 1, '2026-06-29 10:30:00', 1, 0, '2026-05-31 01:36:26', NULL, 30),
	(574, 3, 1, 1, '2026-06-29 11:00:00', 1, 0, '2026-05-31 01:36:26', NULL, 30),
	(575, 4, 1, 1, '2026-06-29 11:30:00', 1, 0, '2026-05-31 01:36:26', 'Control cardiología', 30),
	(576, 1, 2, 2, '2026-06-29 14:00:00', 1, 0, '2026-05-31 01:36:26', 'Dermatología', 30),
	(577, 2, 2, 2, '2026-06-29 14:30:00', 1, 0, '2026-05-31 01:36:26', NULL, 30),
	(578, 3, 2, 2, '2026-06-29 15:00:00', 1, 0, '2026-05-31 01:36:26', 'Control piel', 30),
	(579, 4, 2, 2, '2026-06-29 15:30:00', 1, 0, '2026-05-31 01:36:26', NULL, 30),
	(580, 1, 2, 2, '2026-06-29 16:00:00', 1, 0, '2026-05-31 01:36:26', 'Primera consulta', 30),
	(581, 2, 2, 2, '2026-06-29 16:30:00', 1, 0, '2026-05-31 01:36:26', NULL, 30),
	(582, 3, 2, 2, '2026-06-29 17:00:00', 1, 0, '2026-05-31 01:36:26', 'Seguimiento', 30),
	(583, 4, 2, 2, '2026-06-29 17:30:00', 1, 0, '2026-05-31 01:36:26', NULL, 30),
	(584, 1, 1, 1, '2026-06-01 12:30:00', 1, 1, '2026-05-31 01:36:26', 'Sobreturno - Urgencia cardiología', 30),
	(585, 2, 2, 2, '2026-06-02 18:30:00', 1, 1, '2026-05-31 01:36:26', 'Sobreturno - Fuera de horario', 30),
	(586, 3, 3, 3, '2026-06-04 13:30:00', 1, 1, '2026-05-31 01:36:26', 'Sobreturno - Pediatría urgencia', 45),
	(587, 1, 2, 2, '2026-06-15 18:30:00', 1, 1, '2026-05-31 01:36:26', 'Sobreturno - Dermatology urgencia', 30),
	(588, 2, 3, 3, '2026-06-16 13:15:00', 1, 1, '2026-05-31 01:36:26', 'Sobreturno - Pediatría', 45),
	(589, 4, 1, 1, '2026-06-22 12:15:00', 1, 1, '2026-05-31 01:36:26', 'Sobreturno - Urgencia', 30),
	(590, 1, 1, 1, '2026-07-07 08:00:00', 1, 0, '2026-05-31 07:41:56', 'Control cardiología', 30),
	(591, 2, 1, 1, '2026-07-07 10:00:00', 1, 0, '2026-05-31 07:41:56', NULL, 30),
	(592, 3, 1, 1, '2026-07-07 11:30:00', 1, 0, '2026-05-31 07:41:56', 'Primera vez', 30),
	(593, 1, 2, 2, '2026-07-07 14:30:00', 1, 0, '2026-05-31 07:41:56', 'Dermatología', 30),
	(594, 2, 2, 2, '2026-07-07 16:00:00', 1, 0, '2026-05-31 07:41:56', NULL, 30),
	(595, 3, 2, 2, '2026-07-08 15:00:00', 1, 0, '2026-05-31 07:41:56', 'Control piel', 30),
	(596, 4, 2, 2, '2026-07-08 17:00:00', 1, 0, '2026-05-31 07:41:56', NULL, 30),
	(597, 1, 3, 3, '2026-07-08 09:00:00', 1, 0, '2026-05-31 07:41:56', 'Pediatría - Control', 45),
	(598, 2, 3, 3, '2026-07-08 11:15:00', 1, 0, '2026-05-31 07:41:56', NULL, 45),
	(599, 1, 1, 1, '2026-07-09 09:00:00', 1, 0, '2026-05-31 07:41:56', NULL, 30),
	(600, 3, 1, 1, '2026-07-09 10:30:00', 1, 0, '2026-05-31 07:41:56', 'Seguimiento', 30),
	(601, 4, 1, 1, '2026-07-09 11:00:00', 1, 0, '2026-05-31 07:41:56', NULL, 30),
	(602, 1, 2, 2, '2026-07-09 14:00:00', 1, 0, '2026-05-31 07:41:56', NULL, 30),
	(603, 3, 2, 2, '2026-07-09 16:30:00', 1, 0, '2026-05-31 07:41:56', 'Primera consulta', 30),
	(604, 2, 2, 2, '2026-07-10 15:30:00', 1, 0, '2026-05-31 07:41:56', 'Control', 30),
	(605, 4, 2, 2, '2026-07-10 17:30:00', 1, 0, '2026-05-31 07:41:56', NULL, 30),
	(606, 3, 3, 3, '2026-07-10 09:45:00', 1, 0, '2026-05-31 07:41:56', 'Vacunación', 45),
	(607, 4, 3, 3, '2026-07-10 12:00:00', 1, 0, '2026-05-31 07:41:56', NULL, 45),
	(608, 2, 1, 1, '2026-07-11 08:30:00', 1, 0, '2026-05-31 07:41:56', 'Control', 30),
	(609, 1, 1, 1, '2026-07-11 10:00:00', 1, 0, '2026-05-31 07:41:56', NULL, 30),
	(610, 4, 1, 1, '2026-07-11 11:30:00', 1, 0, '2026-05-31 07:41:56', 'Primera consulta', 30),
	(611, 1, 2, 2, '2026-07-11 14:00:00', 1, 0, '2026-05-31 07:41:56', NULL, 30),
	(612, 2, 2, 2, '2026-07-11 15:00:00', 1, 0, '2026-05-31 07:41:56', 'Seguimiento', 30),
	(613, 1, 1, 1, '2026-07-14 08:00:00', 1, 0, '2026-05-31 07:41:56', NULL, 30),
	(614, 3, 1, 1, '2026-07-14 09:30:00', 1, 0, '2026-05-31 07:41:56', 'Control cardiología', 30),
	(615, 3, 2, 2, '2026-07-14 14:30:00', 1, 0, '2026-05-31 07:41:56', NULL, 30),
	(616, 4, 2, 2, '2026-07-14 16:00:00', 1, 0, '2026-05-31 07:41:56', 'Primera vez', 30),
	(617, 1, 2, 2, '2026-07-15 15:00:00', 1, 0, '2026-05-31 07:41:56', 'Control piel', 30),
	(618, 2, 2, 2, '2026-07-15 17:00:00', 1, 0, '2026-05-31 07:41:56', NULL, 30),
	(619, 1, 3, 3, '2026-07-15 09:00:00', 1, 0, '2026-05-31 07:41:56', NULL, 45),
	(620, 3, 3, 3, '2026-07-15 10:30:00', 1, 0, '2026-05-31 07:41:56', 'Control crecimiento', 45),
	(621, 2, 1, 1, '2026-07-16 08:30:00', 1, 0, '2026-05-31 07:41:56', 'Seguimiento', 30),
	(622, 4, 1, 1, '2026-07-16 11:00:00', 1, 0, '2026-05-31 07:41:56', NULL, 30),
	(623, 1, 2, 2, '2026-07-16 14:00:00', 1, 0, '2026-05-31 07:41:56', NULL, 30),
	(624, 3, 2, 2, '2026-07-16 15:30:00', 1, 0, '2026-05-31 07:41:56', 'Control', 30),
	(625, 2, 2, 2, '2026-07-17 14:30:00', 1, 0, '2026-05-31 07:41:56', NULL, 30),
	(626, 4, 2, 2, '2026-07-17 16:30:00', 1, 0, '2026-05-31 07:41:56', 'Primera consulta', 30),
	(627, 2, 3, 3, '2026-07-17 09:45:00', 1, 0, '2026-05-31 07:41:56', NULL, 45),
	(628, 4, 3, 3, '2026-07-17 11:15:00', 1, 0, '2026-05-31 07:41:56', 'Vacunación', 45),
	(629, 1, 1, 1, '2026-07-18 09:00:00', 1, 0, '2026-05-31 07:41:56', 'Control', 30),
	(630, 3, 1, 1, '2026-07-18 10:30:00', 1, 0, '2026-05-31 07:41:56', NULL, 30),
	(631, 1, 2, 2, '2026-07-18 15:00:00', 1, 0, '2026-05-31 07:41:56', 'Dermatología', 30),
	(632, 3, 2, 2, '2026-07-18 17:00:00', 1, 0, '2026-05-31 07:41:56', NULL, 30),
	(633, 2, 1, 1, '2026-07-21 08:00:00', 1, 0, '2026-05-31 07:41:56', NULL, 30),
	(634, 4, 1, 1, '2026-07-21 10:00:00', 1, 0, '2026-05-31 07:41:56', 'Primera vez', 30),
	(635, 2, 2, 2, '2026-07-21 14:00:00', 1, 0, '2026-05-31 07:41:56', NULL, 30),
	(636, 4, 2, 2, '2026-07-21 16:30:00', 1, 0, '2026-05-31 07:41:56', 'Seguimiento', 30),
	(637, 1, 2, 2, '2026-07-22 15:30:00', 1, 0, '2026-05-31 07:41:56', 'Control piel', 30),
	(638, 3, 2, 2, '2026-07-22 17:00:00', 1, 0, '2026-05-31 07:41:56', NULL, 30),
	(639, 1, 3, 3, '2026-07-22 09:00:00', 1, 0, '2026-05-31 07:41:56', 'Pediatría', 45),
	(640, 2, 3, 3, '2026-07-22 11:15:00', 1, 0, '2026-05-31 07:41:56', NULL, 45),
	(641, 1, 1, 1, '2026-07-23 08:30:00', 1, 0, '2026-05-31 07:41:56', NULL, 30),
	(642, 3, 1, 1, '2026-07-23 11:00:00', 1, 0, '2026-05-31 07:41:56', 'Control cardiología', 30),
	(643, 2, 2, 2, '2026-07-23 14:30:00', 1, 0, '2026-05-31 07:41:56', NULL, 30),
	(644, 4, 2, 2, '2026-07-23 16:00:00', 1, 0, '2026-05-31 07:41:56', 'Primera consulta', 30),
	(645, 1, 2, 2, '2026-07-24 14:00:00', 1, 0, '2026-05-31 07:41:56', 'Control', 30),
	(646, 3, 2, 2, '2026-07-24 15:30:00', 1, 0, '2026-05-31 07:41:56', NULL, 30),
	(647, 3, 3, 3, '2026-07-24 09:45:00', 1, 0, '2026-05-31 07:41:56', NULL, 45),
	(648, 4, 3, 3, '2026-07-24 12:00:00', 1, 0, '2026-05-31 07:41:56', 'Control', 45),
	(649, 2, 1, 1, '2026-07-25 09:00:00', 1, 0, '2026-05-31 07:41:56', 'Seguimiento', 30),
	(650, 4, 1, 1, '2026-07-25 10:30:00', 1, 0, '2026-05-31 07:41:56', NULL, 30),
	(651, 1, 2, 2, '2026-07-25 15:00:00', 1, 0, '2026-05-31 07:41:56', NULL, 30),
	(652, 2, 2, 2, '2026-07-25 17:30:00', 1, 0, '2026-05-31 07:41:56', 'Primera vez', 30),
	(653, 1, 1, 1, '2026-07-28 08:00:00', 1, 0, '2026-05-31 07:41:56', NULL, 30),
	(654, 3, 1, 1, '2026-07-28 11:30:00', 1, 0, '2026-05-31 07:41:56', 'Control', 30),
	(655, 3, 2, 2, '2026-07-28 14:00:00', 1, 0, '2026-05-31 07:41:56', 'Dermatología', 30),
	(656, 4, 2, 2, '2026-07-28 16:00:00', 1, 0, '2026-05-31 07:41:56', NULL, 30),
	(657, 1, 2, 2, '2026-07-29 15:00:00', 1, 0, '2026-05-31 07:41:56', NULL, 30),
	(658, 2, 2, 2, '2026-07-29 17:00:00', 1, 0, '2026-05-31 07:41:56', 'Seguimiento', 30),
	(659, 1, 3, 3, '2026-07-29 09:00:00', 1, 0, '2026-05-31 07:41:56', 'Vacunación', 45),
	(660, 3, 3, 3, '2026-07-29 10:30:00', 1, 0, '2026-05-31 07:41:56', NULL, 45),
	(661, 2, 1, 1, '2026-07-30 08:30:00', 1, 0, '2026-05-31 07:41:56', NULL, 30),
	(662, 4, 1, 1, '2026-07-30 10:00:00', 1, 0, '2026-05-31 07:41:56', 'Primera consulta', 30),
	(663, 1, 2, 2, '2026-07-30 14:30:00', 1, 0, '2026-05-31 07:41:56', 'Control piel', 30),
	(664, 3, 2, 2, '2026-07-30 16:30:00', 1, 0, '2026-05-31 07:41:56', NULL, 30),
	(665, 2, 2, 2, '2026-07-31 14:00:00', 1, 0, '2026-05-31 07:41:56', NULL, 30),
	(666, 4, 2, 2, '2026-07-31 15:30:00', 1, 0, '2026-05-31 07:41:56', 'Control', 30),
	(667, 2, 3, 3, '2026-07-31 09:45:00', 1, 0, '2026-05-31 07:41:56', NULL, 45),
	(668, 4, 3, 3, '2026-07-31 11:15:00', 1, 0, '2026-05-31 07:41:56', 'Control crecimiento', 45);

/*!40103 SET TIME_ZONE=IFNULL(@OLD_TIME_ZONE, 'system') */;
/*!40101 SET SQL_MODE=IFNULL(@OLD_SQL_MODE, '') */;
/*!40014 SET FOREIGN_KEY_CHECKS=IFNULL(@OLD_FOREIGN_KEY_CHECKS, 1) */;
/*!40101 SET CHARACTER_SET_CLIENT=@OLD_CHARACTER_SET_CLIENT */;
/*!40111 SET SQL_NOTES=IFNULL(@OLD_SQL_NOTES, 1) */;
